Id,TaskId,BasePrice,SpecificationId,Unit,MaterialId,BaseMaterialId,PositionId,MaterialCoef,PositionCoef
1,1,80.0,1,ks,1,1,1,1.0,1.0
2,1,80.0,1,ks,1,1,2,1.0,1.1
3,1,80.0,1,ks,1,1,3,1.0,1.2
4,1,80.0,1,ks,1,1,4,1.0,1.5
5,1,80.0,1,ks,1,2,1,2.0,1.0
6,1,80.0,1,ks,1,2,2,2.0,1.1
7,1,80.0,1,ks,1,2,3,2.0,1.2
8,1,80.0,1,ks,1,2,4,2.0,1.5
9,1,80.0,1,ks,1,3,1,1.4,1.0
10,1,80.0,1,ks,1,3,2,1.4,1.1
11,1,80.0,1,ks,1,3,3,1.4,1.2
12,1,80.0,1,ks,1,3,4,1.4,1.5
13,1,80.0,1,ks,1,4,1,1.2,1.0
14,1,80.0,1,ks,1,4,2,1.2,1.1
15,1,80.0,1,ks,1,4,3,1.2,1.2
16,1,80.0,1,ks,1,4,4,1.2,1.5
17,1,80.0,1,ks,1,5,1,1.0,1.0
18,1,80.0,1,ks,1,5,2,1.0,1.1
19,1,80.0,1,ks,1,5,3,1.0,1.2
20,1,80.0,1,ks,1,5,4,1.0,1.5
21,1,80.0,1,ks,1,6,1,1.5,1.0
22,1,80.0,1,ks,1,6,2,1.5,1.1
23,1,80.0,1,ks,1,6,3,1.5,1.2
24,1,80.0,1,ks,1,6,4,1.5,1.5
25,1,80.0,1,ks,1,7,1,2.5,1.0
26,1,80.0,1,ks,1,7,2,2.5,1.1
27,1,80.0,1,ks,1,7,3,2.5,1.2
28,1,80.0,1,ks,1,7,4,2.5,1.5
29,1,80.0,1,ks,2,1,1,1.0,1.0
30,1,80.0,1,ks,2,1,2,1.0,1.1
31,1,80.0,1,ks,2,1,3,1.0,1.2
32,1,80.0,1,ks,2,1,4,1.0,1.5
33,1,80.0,1,ks,2,2,1,2.0,1.0
34,1,80.0,1,ks,2,2,2,2.0,1.1
35,1,80.0,1,ks,2,2,3,2.0,1.2
36,1,80.0,1,ks,2,2,4,2.0,1.5
37,1,80.0,1,ks,2,3,1,1.4,1.0
38,1,80.0,1,ks,2,3,2,1.4,1.1
39,1,80.0,1,ks,2,3,3,1.4,1.2
40,1,80.0,1,ks,2,3,4,1.4,1.5
41,1,80.0,1,ks,2,4,1,1.2,1.0
42,1,80.0,1,ks,2,4,2,1.2,1.1
43,1,80.0,1,ks,2,4,3,1.2,1.2
44,1,80.0,1,ks,2,4,4,1.2,1.5
45,1,80.0,1,ks,2,5,1,1.0,1.0
46,1,80.0,1,ks,2,5,2,1.0,1.1
47,1,80.0,1,ks,2,5,3,1.0,1.2
48,1,80.0,1,ks,2,5,4,1.0,1.5
49,1,80.0,1,ks,2,6,1,1.5,1.0
50,1,80.0,1,ks,2,6,2,1.5,1.1
51,1,80.0,1,ks,2,6,3,1.5,1.2
52,1,80.0,1,ks,2,6,4,1.5,1.5
53,1,80.0,1,ks,2,7,1,2.5,1.0
54,1,80.0,1,ks,2,7,2,2.5,1.1
55,1,80.0,1,ks,2,7,3,2.5,1.2
56,1,80.0,1,ks,2,7,4,2.5,1.5
57,1,80.0,1,ks,3,1,1,1.0,1.0
58,1,80.0,1,ks,3,1,2,1.0,1.1
59,1,80.0,1,ks,3,1,3,1.0,1.2
60,1,80.0,1,ks,3,1,4,1.0,1.5
61,1,80.0,1,ks,3,2,1,2.0,1.0
62,1,80.0,1,ks,3,2,2,2.0,1.1
63,1,80.0,1,ks,3,2,3,2.0,1.2
64,1,80.0,1,ks,3,2,4,2.0,1.5
65,1,80.0,1,ks,3,3,1,1.4,1.0
66,1,80.0,1,ks,3,3,2,1.4,1.1
67,1,80.0,1,ks,3,3,3,1.4,1.2
68,1,80.0,1,ks,3,3,4,1.4,1.5
69,1,80.0,1,ks,3,4,1,1.2,1.0
70,1,80.0,1,ks,3,4,2,1.2,1.1
71,1,80.0,1,ks,3,4,3,1.2,1.2
72,1,80.0,1,ks,3,4,4,1.2,1.5
73,1,80.0,1,ks,3,5,1,1.0,1.0
74,1,80.0,1,ks,3,5,2,1.0,1.1
75,1,80.0,1,ks,3,5,3,1.0,1.2
76,1,80.0,1,ks,3,5,4,1.0,1.5
77,1,80.0,1,ks,3,6,1,1.5,1.0
78,1,80.0,1,ks,3,6,2,1.5,1.1
79,1,80.0,1,ks,3,6,3,1.5,1.2
80,1,80.0,1,ks,3,6,4,1.5,1.5
81,1,80.0,1,ks,3,7,1,2.5,1.0
82,1,80.0,1,ks,3,7,2,2.5,1.1
83,1,80.0,1,ks,3,7,3,2.5,1.2
84,1,80.0,1,ks,3,7,4,2.5,1.5
85,1,80.0,1,ks,4,1,1,1.0,1.0
86,1,80.0,1,ks,4,1,2,1.0,1.1
87,1,80.0,1,ks,4,1,3,1.0,1.2
88,1,80.0,1,ks,4,1,4,1.0,1.5
89,1,80.0,1,ks,4,2,1,2.0,1.0
90,1,80.0,1,ks,4,2,2,2.0,1.1
91,1,80.0,1,ks,4,2,3,2.0,1.2
92,1,80.0,1,ks,4,2,4,2.0,1.5
93,1,80.0,1,ks,4,3,1,1.4,1.0
94,1,80.0,1,ks,4,3,2,1.4,1.1
95,1,80.0,1,ks,4,3,3,1.4,1.2
96,1,80.0,1,ks,4,3,4,1.4,1.5
97,1,80.0,1,ks,4,4,1,1.2,1.0
98,1,80.0,1,ks,4,4,2,1.2,1.1
99,1,80.0,1,ks,4,4,3,1.2,1.2
100,1,80.0,1,ks,4,4,4,1.2,1.5
101,1,80.0,1,ks,4,5,1,1.0,1.0
102,1,80.0,1,ks,4,5,2,1.0,1.1
103,1,80.0,1,ks,4,5,3,1.0,1.2
104,1,80.0,1,ks,4,5,4,1.0,1.5
105,1,80.0,1,ks,4,6,1,1.5,1.0
106,1,80.0,1,ks,4,6,2,1.5,1.1
107,1,80.0,1,ks,4,6,3,1.5,1.2
108,1,80.0,1,ks,4,6,4,1.5,1.5
109,1,80.0,1,ks,4,7,1,2.5,1.0
110,1,80.0,1,ks,4,7,2,2.5,1.1
111,1,80.0,1,ks,4,7,3,2.5,1.2
112,1,80.0,1,ks,4,7,4,2.5,1.5
113,1,80.0,2,ks,1,1,1,1.0,1.0
114,1,80.0,2,ks,1,1,2,1.0,1.1
115,1,80.0,2,ks,1,1,3,1.0,1.2
116,1,80.0,2,ks,1,1,4,1.0,1.5
117,1,80.0,2,ks,1,2,1,2.0,1.0
118,1,80.0,2,ks,1,2,2,2.0,1.1
119,1,80.0,2,ks,1,2,3,2.0,1.2
120,1,80.0,2,ks,1,2,4,2.0,1.5
121,1,80.0,2,ks,1,3,1,1.4,1.0
122,1,80.0,2,ks,1,3,2,1.4,1.1
123,1,80.0,2,ks,1,3,3,1.4,1.2
124,1,80.0,2,ks,1,3,4,1.4,1.5
125,1,80.0,2,ks,1,4,1,1.2,1.0
126,1,80.0,2,ks,1,4,2,1.2,1.1
127,1,80.0,2,ks,1,4,3,1.2,1.2
128,1,80.0,2,ks,1,4,4,1.2,1.5
129,1,80.0,2,ks,1,5,1,1.0,1.0
130,1,80.0,2,ks,1,5,2,1.0,1.1
131,1,80.0,2,ks,1,5,3,1.0,1.2
132,1,80.0,2,ks,1,5,4,1.0,1.5
133,1,80.0,2,ks,1,6,1,1.5,1.0
134,1,80.0,2,ks,1,6,2,1.5,1.1
135,1,80.0,2,ks,1,6,3,1.5,1.2
136,1,80.0,2,ks,1,6,4,1.5,1.5
137,1,80.0,2,ks,1,7,1,2.5,1.0
138,1,80.0,2,ks,1,7,2,2.5,1.1
139,1,80.0,2,ks,1,7,3,2.5,1.2
140,1,80.0,2,ks,1,7,4,2.5,1.5
141,1,80.0,2,ks,2,1,1,1.0,1.0
142,1,80.0,2,ks,2,1,2,1.0,1.1
143,1,80.0,2,ks,2,1,3,1.0,1.2
144,1,80.0,2,ks,2,1,4,1.0,1.5
145,1,80.0,2,ks,2,2,1,2.0,1.0
146,1,80.0,2,ks,2,2,2,2.0,1.1
147,1,80.0,2,ks,2,2,3,2.0,1.2
148,1,80.0,2,ks,2,2,4,2.0,1.5
149,1,80.0,2,ks,2,3,1,1.4,1.0
150,1,80.0,2,ks,2,3,2,1.4,1.1
151,1,80.0,2,ks,2,3,3,1.4,1.2
152,1,80.0,2,ks,2,3,4,1.4,1.5
153,1,80.0,2,ks,2,4,1,1.2,1.0
154,1,80.0,2,ks,2,4,2,1.2,1.1
155,1,80.0,2,ks,2,4,3,1.2,1.2
156,1,80.0,2,ks,2,4,4,1.2,1.5
157,1,80.0,2,ks,2,5,1,1.0,1.0
158,1,80.0,2,ks,2,5,2,1.0,1.1
159,1,80.0,2,ks,2,5,3,1.0,1.2
160,1,80.0,2,ks,2,5,4,1.0,1.5
161,1,80.0,2,ks,2,6,1,1.5,1.0
162,1,80.0,2,ks,2,6,2,1.5,1.1
163,1,80.0,2,ks,2,6,3,1.5,1.2
164,1,80.0,2,ks,2,6,4,1.5,1.5
165,1,80.0,2,ks,2,7,1,2.5,1.0
166,1,80.0,2,ks,2,7,2,2.5,1.1
167,1,80.0,2,ks,2,7,3,2.5,1.2
168,1,80.0,2,ks,2,7,4,2.5,1.5
169,1,80.0,2,ks,3,1,1,1.0,1.0
170,1,80.0,2,ks,3,1,2,1.0,1.1
171,1,80.0,2,ks,3,1,3,1.0,1.2
172,1,80.0,2,ks,3,1,4,1.0,1.5
173,1,80.0,2,ks,3,2,1,2.0,1.0
174,1,80.0,2,ks,3,2,2,2.0,1.1
175,1,80.0,2,ks,3,2,3,2.0,1.2
176,1,80.0,2,ks,3,2,4,2.0,1.5
177,1,80.0,2,ks,3,3,1,1.4,1.0
178,1,80.0,2,ks,3,3,2,1.4,1.1
179,1,80.0,2,ks,3,3,3,1.4,1.2
180,1,80.0,2,ks,3,3,4,1.4,1.5
181,1,80.0,2,ks,3,4,1,1.2,1.0
182,1,80.0,2,ks,3,4,2,1.2,1.1
183,1,80.0,2,ks,3,4,3,1.2,1.2
184,1,80.0,2,ks,3,4,4,1.2,1.5
185,1,80.0,2,ks,3,5,1,1.0,1.0
186,1,80.0,2,ks,3,5,2,1.0,1.1
187,1,80.0,2,ks,3,5,3,1.0,1.2
188,1,80.0,2,ks,3,5,4,1.0,1.5
189,1,80.0,2,ks,3,6,1,1.5,1.0
190,1,80.0,2,ks,3,6,2,1.5,1.1
191,1,80.0,2,ks,3,6,3,1.5,1.2
192,1,80.0,2,ks,3,6,4,1.5,1.5
193,1,80.0,2,ks,3,7,1,2.5,1.0
194,1,80.0,2,ks,3,7,2,2.5,1.1
195,1,80.0,2,ks,3,7,3,2.5,1.2
196,1,80.0,2,ks,3,7,4,2.5,1.5
197,1,80.0,2,ks,4,1,1,1.0,1.0
198,1,80.0,2,ks,4,1,2,1.0,1.1
199,1,80.0,2,ks,4,1,3,1.0,1.2
200,1,80.0,2,ks,4,1,4,1.0,1.5
201,1,80.0,2,ks,4,2,1,2.0,1.0
202,1,80.0,2,ks,4,2,2,2.0,1.1
203,1,80.0,2,ks,4,2,3,2.0,1.2
204,1,80.0,2,ks,4,2,4,2.0,1.5
205,1,80.0,2,ks,4,3,1,1.4,1.0
206,1,80.0,2,ks,4,3,2,1.4,1.1
207,1,80.0,2,ks,4,3,3,1.4,1.2
208,1,80.0,2,ks,4,3,4,1.4,1.5
209,1,80.0,2,ks,4,4,1,1.2,1.0
210,1,80.0,2,ks,4,4,2,1.2,1.1
211,1,80.0,2,ks,4,4,3,1.2,1.2
212,1,80.0,2,ks,4,4,4,1.2,1.5
213,1,80.0,2,ks,4,5,1,1.0,1.0
214,1,80.0,2,ks,4,5,2,1.0,1.1
215,1,80.0,2,ks,4,5,3,1.0,1.2
216,1,80.0,2,ks,4,5,4,1.0,1.5
217,1,80.0,2,ks,4,6,1,1.5,1.0
218,1,80.0,2,ks,4,6,2,1.5,1.1
219,1,80.0,2,ks,4,6,3,1.5,1.2
220,1,80.0,2,ks,4,6,4,1.5,1.5
221,1,80.0,2,ks,4,7,1,2.5,1.0
222,1,80.0,2,ks,4,7,2,2.5,1.1
223,1,80.0,2,ks,4,7,3,2.5,1.2
224,1,80.0,2,ks,4,7,4,2.5,1.5
225,1,80.0,3,ks,1,1,1,1.0,1.0
226,1,80.0,3,ks,1,1,2,1.0,1.1
227,1,80.0,3,ks,1,1,3,1.0,1.2
228,1,80.0,3,ks,1,1,4,1.0,1.5
229,1,80.0,3,ks,1,2,1,2.0,1.0
230,1,80.0,3,ks,1,2,2,2.0,1.1
231,1,80.0,3,ks,1,2,3,2.0,1.2
232,1,80.0,3,ks,1,2,4,2.0,1.5
233,1,80.0,3,ks,1,3,1,1.4,1.0
234,1,80.0,3,ks,1,3,2,1.4,1.1
235,1,80.0,3,ks,1,3,3,1.4,1.2
236,1,80.0,3,ks,1,3,4,1.4,1.5
237,1,80.0,3,ks,1,4,1,1.2,1.0
238,1,80.0,3,ks,1,4,2,1.2,1.1
239,1,80.0,3,ks,1,4,3,1.2,1.2
240,1,80.0,3,ks,1,4,4,1.2,1.5
241,1,80.0,3,ks,1,5,1,1.0,1.0
242,1,80.0,3,ks,1,5,2,1.0,1.1
243,1,80.0,3,ks,1,5,3,1.0,1.2
244,1,80.0,3,ks,1,5,4,1.0,1.5
245,1,80.0,3,ks,1,6,1,1.5,1.0
246,1,80.0,3,ks,1,6,2,1.5,1.1
247,1,80.0,3,ks,1,6,3,1.5,1.2
248,1,80.0,3,ks,1,6,4,1.5,1.5
249,1,80.0,3,ks,1,7,1,2.5,1.0
250,1,80.0,3,ks,1,7,2,2.5,1.1
251,1,80.0,3,ks,1,7,3,2.5,1.2
252,1,80.0,3,ks,1,7,4,2.5,1.5
253,1,80.0,3,ks,2,1,1,1.0,1.0
254,1,80.0,3,ks,2,1,2,1.0,1.1
255,1,80.0,3,ks,2,1,3,1.0,1.2
256,1,80.0,3,ks,2,1,4,1.0,1.5
257,1,80.0,3,ks,2,2,1,2.0,1.0
258,1,80.0,3,ks,2,2,2,2.0,1.1
259,1,80.0,3,ks,2,2,3,2.0,1.2
260,1,80.0,3,ks,2,2,4,2.0,1.5
261,1,80.0,3,ks,2,3,1,1.4,1.0
262,1,80.0,3,ks,2,3,2,1.4,1.1
263,1,80.0,3,ks,2,3,3,1.4,1.2
264,1,80.0,3,ks,2,3,4,1.4,1.5
265,1,80.0,3,ks,2,4,1,1.2,1.0
266,1,80.0,3,ks,2,4,2,1.2,1.1
267,1,80.0,3,ks,2,4,3,1.2,1.2
268,1,80.0,3,ks,2,4,4,1.2,1.5
269,1,80.0,3,ks,2,5,1,1.0,1.0
270,1,80.0,3,ks,2,5,2,1.0,1.1
271,1,80.0,3,ks,2,5,3,1.0,1.2
272,1,80.0,3,ks,2,5,4,1.0,1.5
273,1,80.0,3,ks,2,6,1,1.5,1.0
274,1,80.0,3,ks,2,6,2,1.5,1.1
275,1,80.0,3,ks,2,6,3,1.5,1.2
276,1,80.0,3,ks,2,6,4,1.5,1.5
277,1,80.0,3,ks,2,7,1,2.5,1.0
278,1,80.0,3,ks,2,7,2,2.5,1.1
279,1,80.0,3,ks,2,7,3,2.5,1.2
280,1,80.0,3,ks,2,7,4,2.5,1.5
281,1,80.0,3,ks,3,1,1,1.0,1.0
282,1,80.0,3,ks,3,1,2,1.0,1.1
283,1,80.0,3,ks,3,1,3,1.0,1.2
284,1,80.0,3,ks,3,1,4,1.0,1.5
285,1,80.0,3,ks,3,2,1,2.0,1.0
286,1,80.0,3,ks,3,2,2,2.0,1.1
287,1,80.0,3,ks,3,2,3,2.0,1.2
288,1,80.0,3,ks,3,2,4,2.0,1.5
289,1,80.0,3,ks,3,3,1,1.4,1.0
290,1,80.0,3,ks,3,3,2,1.4,1.1
291,1,80.0,3,ks,3,3,3,1.4,1.2
292,1,80.0,3,ks,3,3,4,1.4,1.5
293,1,80.0,3,ks,3,4,1,1.2,1.0
294,1,80.0,3,ks,3,4,2,1.2,1.1
295,1,80.0,3,ks,3,4,3,1.2,1.2
296,1,80.0,3,ks,3,4,4,1.2,1.5
297,1,80.0,3,ks,3,5,1,1.0,1.0
298,1,80.0,3,ks,3,5,2,1.0,1.1
299,1,80.0,3,ks,3,5,3,1.0,1.2
300,1,80.0,3,ks,3,5,4,1.0,1.5
301,1,80.0,3,ks,3,6,1,1.5,1.0
302,1,80.0,3,ks,3,6,2,1.5,1.1
303,1,80.0,3,ks,3,6,3,1.5,1.2
304,1,80.0,3,ks,3,6,4,1.5,1.5
305,1,80.0,3,ks,3,7,1,2.5,1.0
306,1,80.0,3,ks,3,7,2,2.5,1.1
307,1,80.0,3,ks,3,7,3,2.5,1.2
308,1,80.0,3,ks,3,7,4,2.5,1.5
309,1,80.0,3,ks,4,1,1,1.0,1.0
310,1,80.0,3,ks,4,1,2,1.0,1.1
311,1,80.0,3,ks,4,1,3,1.0,1.2
312,1,80.0,3,ks,4,1,4,1.0,1.5
313,1,80.0,3,ks,4,2,1,2.0,1.0
314,1,80.0,3,ks,4,2,2,2.0,1.1
315,1,80.0,3,ks,4,2,3,2.0,1.2
316,1,80.0,3,ks,4,2,4,2.0,1.5
317,1,80.0,3,ks,4,3,1,1.4,1.0
318,1,80.0,3,ks,4,3,2,1.4,1.1
319,1,80.0,3,ks,4,3,3,1.4,1.2
320,1,80.0,3,ks,4,3,4,1.4,1.5
321,1,80.0,3,ks,4,4,1,1.2,1.0
322,1,80.0,3,ks,4,4,2,1.2,1.1
323,1,80.0,3,ks,4,4,3,1.2,1.2
324,1,80.0,3,ks,4,4,4,1.2,1.5
325,1,80.0,3,ks,4,5,1,1.0,1.0
326,1,80.0,3,ks,4,5,2,1.0,1.1
327,1,80.0,3,ks,4,5,3,1.0,1.2
328,1,80.0,3,ks,4,5,4,1.0,1.5
329,1,80.0,3,ks,4,6,1,1.5,1.0
330,1,80.0,3,ks,4,6,2,1.5,1.1
331,1,80.0,3,ks,4,6,3,1.5,1.2
332,1,80.0,3,ks,4,6,4,1.5,1.5
333,1,80.0,3,ks,4,7,1,2.5,1.0
334,1,80.0,3,ks,4,7,2,2.5,1.1
335,1,80.0,3,ks,4,7,3,2.5,1.2
336,1,80.0,3,ks,4,7,4,2.5,1.5
337,1,80.0,4,m,1,1,1,1.0,1.0
338,1,80.0,4,m,1,1,2,1.0,1.1
339,1,80.0,4,m,1,1,3,1.0,1.2
340,1,80.0,4,m,1,1,4,1.0,1.5
341,1,80.0,4,m,1,2,1,2.0,1.0
342,1,80.0,4,m,1,2,2,2.0,1.1
343,1,80.0,4,m,1,2,3,2.0,1.2
344,1,80.0,4,m,1,2,4,2.0,1.5
345,1,80.0,4,m,1,3,1,1.4,1.0
346,1,80.0,4,m,1,3,2,1.4,1.1
347,1,80.0,4,m,1,3,3,1.4,1.2
348,1,80.0,4,m,1,3,4,1.4,1.5
349,1,80.0,4,m,1,4,1,1.2,1.0
350,1,80.0,4,m,1,4,2,1.2,1.1
351,1,80.0,4,m,1,4,3,1.2,1.2
352,1,80.0,4,m,1,4,4,1.2,1.5
353,1,80.0,4,m,1,5,1,1.0,1.0
354,1,80.0,4,m,1,5,2,1.0,1.1
355,1,80.0,4,m,1,5,3,1.0,1.2
356,1,80.0,4,m,1,5,4,1.0,1.5
357,1,80.0,4,m,1,6,1,1.5,1.0
358,1,80.0,4,m,1,6,2,1.5,1.1
359,1,80.0,4,m,1,6,3,1.5,1.2
360,1,80.0,4,m,1,6,4,1.5,1.5
361,1,80.0,4,m,1,7,1,2.5,1.0
362,1,80.0,4,m,1,7,2,2.5,1.1
363,1,80.0,4,m,1,7,3,2.5,1.2
364,1,80.0,4,m,1,7,4,2.5,1.5
365,1,80.0,4,m,2,1,1,1.0,1.0
366,1,80.0,4,m,2,1,2,1.0,1.1
367,1,80.0,4,m,2,1,3,1.0,1.2
368,1,80.0,4,m,2,1,4,1.0,1.5
369,1,80.0,4,m,2,2,1,2.0,1.0
370,1,80.0,4,m,2,2,2,2.0,1.1
371,1,80.0,4,m,2,2,3,2.0,1.2
372,1,80.0,4,m,2,2,4,2.0,1.5
373,1,80.0,4,m,2,3,1,1.4,1.0
374,1,80.0,4,m,2,3,2,1.4,1.1
375,1,80.0,4,m,2,3,3,1.4,1.2
376,1,80.0,4,m,2,3,4,1.4,1.5
377,1,80.0,4,m,2,4,1,1.2,1.0
378,1,80.0,4,m,2,4,2,1.2,1.1
379,1,80.0,4,m,2,4,3,1.2,1.2
380,1,80.0,4,m,2,4,4,1.2,1.5
381,1,80.0,4,m,2,5,1,1.0,1.0
382,1,80.0,4,m,2,5,2,1.0,1.1
383,1,80.0,4,m,2,5,3,1.0,1.2
384,1,80.0,4,m,2,5,4,1.0,1.5
385,1,80.0,4,m,2,6,1,1.5,1.0
386,1,80.0,4,m,2,6,2,1.5,1.1
387,1,80.0,4,m,2,6,3,1.5,1.2
388,1,80.0,4,m,2,6,4,1.5,1.5
389,1,80.0,4,m,2,7,1,2.5,1.0
390,1,80.0,4,m,2,7,2,2.5,1.1
391,1,80.0,4,m,2,7,3,2.5,1.2
392,1,80.0,4,m,2,7,4,2.5,1.5
393,1,80.0,4,m,3,1,1,1.0,1.0
394,1,80.0,4,m,3,1,2,1.0,1.1
395,1,80.0,4,m,3,1,3,1.0,1.2
396,1,80.0,4,m,3,1,4,1.0,1.5
397,1,80.0,4,m,3,2,1,2.0,1.0
398,1,80.0,4,m,3,2,2,2.0,1.1
399,1,80.0,4,m,3,2,3,2.0,1.2
400,1,80.0,4,m,3,2,4,2.0,1.5
401,1,80.0,4,m,3,3,1,1.4,1.0
402,1,80.0,4,m,3,3,2,1.4,1.1
403,1,80.0,4,m,3,3,3,1.4,1.2
404,1,80.0,4,m,3,3,4,1.4,1.5
405,1,80.0,4,m,3,4,1,1.2,1.0
406,1,80.0,4,m,3,4,2,1.2,1.1
407,1,80.0,4,m,3,4,3,1.2,1.2
408,1,80.0,4,m,3,4,4,1.2,1.5
409,1,80.0,4,m,3,5,1,1.0,1.0
410,1,80.0,4,m,3,5,2,1.0,1.1
411,1,80.0,4,m,3,5,3,1.0,1.2
412,1,80.0,4,m,3,5,4,1.0,1.5
413,1,80.0,4,m,3,6,1,1.5,1.0
414,1,80.0,4,m,3,6,2,1.5,1.1
415,1,80.0,4,m,3,6,3,1.5,1.2
416,1,80.0,4,m,3,6,4,1.5,1.5
417,1,80.0,4,m,3,7,1,2.5,1.0
418,1,80.0,4,m,3,7,2,2.5,1.1
419,1,80.0,4,m,3,7,3,2.5,1.2
420,1,80.0,4,m,3,7,4,2.5,1.5
421,1,80.0,4,m,4,1,1,1.0,1.0
422,1,80.0,4,m,4,1,2,1.0,1.1
423,1,80.0,4,m,4,1,3,1.0,1.2
424,1,80.0,4,m,4,1,4,1.0,1.5
425,1,80.0,4,m,4,2,1,2.0,1.0
426,1,80.0,4,m,4,2,2,2.0,1.1
427,1,80.0,4,m,4,2,3,2.0,1.2
428,1,80.0,4,m,4,2,4,2.0,1.5
429,1,80.0,4,m,4,3,1,1.4,1.0
430,1,80.0,4,m,4,3,2,1.4,1.1
431,1,80.0,4,m,4,3,3,1.4,1.2
432,1,80.0,4,m,4,3,4,1.4,1.5
433,1,80.0,4,m,4,4,1,1.2,1.0
434,1,80.0,4,m,4,4,2,1.2,1.1
435,1,80.0,4,m,4,4,3,1.2,1.2
436,1,80.0,4,m,4,4,4,1.2,1.5
437,1,80.0,4,m,4,5,1,1.0,1.0
438,1,80.0,4,m,4,5,2,1.0,1.1
439,1,80.0,4,m,4,5,3,1.0,1.2
440,1,80.0,4,m,4,5,4,1.0,1.5
441,1,80.0,4,m,4,6,1,1.5,1.0
442,1,80.0,4,m,4,6,2,1.5,1.1
443,1,80.0,4,m,4,6,3,1.5,1.2
444,1,80.0,4,m,4,6,4,1.5,1.5
445,1,80.0,4,m,4,7,1,2.5,1.0
446,1,80.0,4,m,4,7,2,2.5,1.1
447,1,80.0,4,m,4,7,3,2.5,1.2
448,1,80.0,4,m,4,7,4,2.5,1.5
449,2,80.0,1,ks,1,1,1,1.0,1.0
450,2,80.0,1,ks,1,1,2,1.0,1.1
451,2,80.0,1,ks,1,1,3,1.0,1.2
452,2,80.0,1,ks,1,1,4,1.0,1.5
453,2,80.0,1,ks,1,2,1,2.0,1.0
454,2,80.0,1,ks,1,2,2,2.0,1.1
455,2,80.0,1,ks,1,2,3,2.0,1.2
456,2,80.0,1,ks,1,2,4,2.0,1.5
457,2,80.0,1,ks,1,3,1,1.4,1.0
458,2,80.0,1,ks,1,3,2,1.4,1.1
459,2,80.0,1,ks,1,3,3,1.4,1.2
460,2,80.0,1,ks,1,3,4,1.4,1.5
461,2,80.0,1,ks,1,4,1,1.2,1.0
462,2,80.0,1,ks,1,4,2,1.2,1.1
463,2,80.0,1,ks,1,4,3,1.2,1.2
464,2,80.0,1,ks,1,4,4,1.2,1.5
465,2,80.0,1,ks,1,5,1,1.0,1.0
466,2,80.0,1,ks,1,5,2,1.0,1.1
467,2,80.0,1,ks,1,5,3,1.0,1.2
468,2,80.0,1,ks,1,5,4,1.0,1.5
469,2,80.0,1,ks,1,6,1,1.5,1.0
470,2,80.0,1,ks,1,6,2,1.5,1.1
471,2,80.0,1,ks,1,6,3,1.5,1.2
472,2,80.0,1,ks,1,6,4,1.5,1.5
473,2,80.0,1,ks,1,7,1,2.5,1.0
474,2,80.0,1,ks,1,7,2,2.5,1.1
475,2,80.0,1,ks,1,7,3,2.5,1.2
476,2,80.0,1,ks,1,7,4,2.5,1.5
477,2,80.0,1,ks,2,1,1,1.0,1.0
478,2,80.0,1,ks,2,1,2,1.0,1.1
479,2,80.0,1,ks,2,1,3,1.0,1.2
480,2,80.0,1,ks,2,1,4,1.0,1.5
481,2,80.0,1,ks,2,2,1,2.0,1.0
482,2,80.0,1,ks,2,2,2,2.0,1.1
483,2,80.0,1,ks,2,2,3,2.0,1.2
484,2,80.0,1,ks,2,2,4,2.0,1.5
485,2,80.0,1,ks,2,3,1,1.4,1.0
486,2,80.0,1,ks,2,3,2,1.4,1.1
487,2,80.0,1,ks,2,3,3,1.4,1.2
488,2,80.0,1,ks,2,3,4,1.4,1.5
489,2,80.0,1,ks,2,4,1,1.2,1.0
490,2,80.0,1,ks,2,4,2,1.2,1.1
491,2,80.0,1,ks,2,4,3,1.2,1.2
492,2,80.0,1,ks,2,4,4,1.2,1.5
493,2,80.0,1,ks,2,5,1,1.0,1.0
494,2,80.0,1,ks,2,5,2,1.0,1.1
495,2,80.0,1,ks,2,5,3,1.0,1.2
496,2,80.0,1,ks,2,5,4,1.0,1.5
497,2,80.0,1,ks,2,6,1,1.5,1.0
498,2,80.0,1,ks,2,6,2,1.5,1.1
499,2,80.0,1,ks,2,6,3,1.5,1.2
500,2,80.0,1,ks,2,6,4,1.5,1.5
501,2,80.0,1,ks,2,7,1,2.5,1.0
502,2,80.0,1,ks,2,7,2,2.5,1.1
503,2,80.0,1,ks,2,7,3,2.5,1.2
504,2,80.0,1,ks,2,7,4,2.5,1.5
505,2,80.0,1,ks,3,1,1,1.0,1.0
506,2,80.0,1,ks,3,1,2,1.0,1.1
507,2,80.0,1,ks,3,1,3,1.0,1.2
508,2,80.0,1,ks,3,1,4,1.0,1.5
509,2,80.0,1,ks,3,2,1,2.0,1.0
510,2,80.0,1,ks,3,2,2,2.0,1.1
511,2,80.0,1,ks,3,2,3,2.0,1.2
512,2,80.0,1,ks,3,2,4,2.0,1.5
513,2,80.0,1,ks,3,3,1,1.4,1.0
514,2,80.0,1,ks,3,3,2,1.4,1.1
515,2,80.0,1,ks,3,3,3,1.4,1.2
516,2,80.0,1,ks,3,3,4,1.4,1.5
517,2,80.0,1,ks,3,4,1,1.2,1.0
518,2,80.0,1,ks,3,4,2,1.2,1.1
519,2,80.0,1,ks,3,4,3,1.2,1.2
520,2,80.0,1,ks,3,4,4,1.2,1.5
521,2,80.0,1,ks,3,5,1,1.0,1.0
522,2,80.0,1,ks,3,5,2,1.0,1.1
523,2,80.0,1,ks,3,5,3,1.0,1.2
524,2,80.0,1,ks,3,5,4,1.0,1.5
525,2,80.0,1,ks,3,6,1,1.5,1.0
526,2,80.0,1,ks,3,6,2,1.5,1.1
527,2,80.0,1,ks,3,6,3,1.5,1.2
528,2,80.0,1,ks,3,6,4,1.5,1.5
529,2,80.0,1,ks,3,7,1,2.5,1.0
530,2,80.0,1,ks,3,7,2,2.5,1.1
531,2,80.0,1,ks,3,7,3,2.5,1.2
532,2,80.0,1,ks,3,7,4,2.5,1.5
533,2,80.0,1,ks,4,1,1,1.0,1.0
534,2,80.0,1,ks,4,1,2,1.0,1.1
535,2,80.0,1,ks,4,1,3,1.0,1.2
536,2,80.0,1,ks,4,1,4,1.0,1.5
537,2,80.0,1,ks,4,2,1,2.0,1.0
538,2,80.0,1,ks,4,2,2,2.0,1.1
539,2,80.0,1,ks,4,2,3,2.0,1.2
540,2,80.0,1,ks,4,2,4,2.0,1.5
541,2,80.0,1,ks,4,3,1,1.4,1.0
542,2,80.0,1,ks,4,3,2,1.4,1.1
543,2,80.0,1,ks,4,3,3,1.4,1.2
544,2,80.0,1,ks,4,3,4,1.4,1.5
545,2,80.0,1,ks,4,4,1,1.2,1.0
546,2,80.0,1,ks,4,4,2,1.2,1.1
547,2,80.0,1,ks,4,4,3,1.2,1.2
548,2,80.0,1,ks,4,4,4,1.2,1.5
549,2,80.0,1,ks,4,5,1,1.0,1.0
550,2,80.0,1,ks,4,5,2,1.0,1.1
551,2,80.0,1,ks,4,5,3,1.0,1.2
552,2,80.0,1,ks,4,5,4,1.0,1.5
553,2,80.0,1,ks,4,6,1,1.5,1.0
554,2,80.0,1,ks,4,6,2,1.5,1.1
555,2,80.0,1,ks,4,6,3,1.5,1.2
556,2,80.0,1,ks,4,6,4,1.5,1.5
557,2,80.0,1,ks,4,7,1,2.5,1.0
558,2,80.0,1,ks,4,7,2,2.5,1.1
559,2,80.0,1,ks,4,7,3,2.5,1.2
560,2,80.0,1,ks,4,7,4,2.5,1.5
561,2,80.0,2,ks,1,1,1,1.0,1.0
562,2,80.0,2,ks,1,1,2,1.0,1.1
563,2,80.0,2,ks,1,1,3,1.0,1.2
564,2,80.0,2,ks,1,1,4,1.0,1.5
565,2,80.0,2,ks,1,2,1,2.0,1.0
566,2,80.0,2,ks,1,2,2,2.0,1.1
567,2,80.0,2,ks,1,2,3,2.0,1.2
568,2,80.0,2,ks,1,2,4,2.0,1.5
569,2,80.0,2,ks,1,3,1,1.4,1.0
570,2,80.0,2,ks,1,3,2,1.4,1.1
571,2,80.0,2,ks,1,3,3,1.4,1.2
572,2,80.0,2,ks,1,3,4,1.4,1.5
573,2,80.0,2,ks,1,4,1,1.2,1.0
574,2,80.0,2,ks,1,4,2,1.2,1.1
575,2,80.0,2,ks,1,4,3,1.2,1.2
576,2,80.0,2,ks,1,4,4,1.2,1.5
577,2,80.0,2,ks,1,5,1,1.0,1.0
578,2,80.0,2,ks,1,5,2,1.0,1.1
579,2,80.0,2,ks,1,5,3,1.0,1.2
580,2,80.0,2,ks,1,5,4,1.0,1.5
581,2,80.0,2,ks,1,6,1,1.5,1.0
582,2,80.0,2,ks,1,6,2,1.5,1.1
583,2,80.0,2,ks,1,6,3,1.5,1.2
584,2,80.0,2,ks,1,6,4,1.5,1.5
585,2,80.0,2,ks,1,7,1,2.5,1.0
586,2,80.0,2,ks,1,7,2,2.5,1.1
587,2,80.0,2,ks,1,7,3,2.5,1.2
588,2,80.0,2,ks,1,7,4,2.5,1.5
589,2,80.0,2,ks,2,1,1,1.0,1.0
590,2,80.0,2,ks,2,1,2,1.0,1.1
591,2,80.0,2,ks,2,1,3,1.0,1.2
592,2,80.0,2,ks,2,1,4,1.0,1.5
593,2,80.0,2,ks,2,2,1,2.0,1.0
594,2,80.0,2,ks,2,2,2,2.0,1.1
595,2,80.0,2,ks,2,2,3,2.0,1.2
596,2,80.0,2,ks,2,2,4,2.0,1.5
597,2,80.0,2,ks,2,3,1,1.4,1.0
598,2,80.0,2,ks,2,3,2,1.4,1.1
599,2,80.0,2,ks,2,3,3,1.4,1.2
600,2,80.0,2,ks,2,3,4,1.4,1.5
601,2,80.0,2,ks,2,4,1,1.2,1.0
602,2,80.0,2,ks,2,4,2,1.2,1.1
603,2,80.0,2,ks,2,4,3,1.2,1.2
604,2,80.0,2,ks,2,4,4,1.2,1.5
605,2,80.0,2,ks,2,5,1,1.0,1.0
606,2,80.0,2,ks,2,5,2,1.0,1.1
607,2,80.0,2,ks,2,5,3,1.0,1.2
608,2,80.0,2,ks,2,5,4,1.0,1.5
609,2,80.0,2,ks,2,6,1,1.5,1.0
610,2,80.0,2,ks,2,6,2,1.5,1.1
611,2,80.0,2,ks,2,6,3,1.5,1.2
612,2,80.0,2,ks,2,6,4,1.5,1.5
613,2,80.0,2,ks,2,7,1,2.5,1.0
614,2,80.0,2,ks,2,7,2,2.5,1.1
615,2,80.0,2,ks,2,7,3,2.5,1.2
616,2,80.0,2,ks,2,7,4,2.5,1.5
617,2,80.0,2,ks,3,1,1,1.0,1.0
618,2,80.0,2,ks,3,1,2,1.0,1.1
619,2,80.0,2,ks,3,1,3,1.0,1.2
620,2,80.0,2,ks,3,1,4,1.0,1.5
621,2,80.0,2,ks,3,2,1,2.0,1.0
622,2,80.0,2,ks,3,2,2,2.0,1.1
623,2,80.0,2,ks,3,2,3,2.0,1.2
624,2,80.0,2,ks,3,2,4,2.0,1.5
625,2,80.0,2,ks,3,3,1,1.4,1.0
626,2,80.0,2,ks,3,3,2,1.4,1.1
627,2,80.0,2,ks,3,3,3,1.4,1.2
628,2,80.0,2,ks,3,3,4,1.4,1.5
629,2,80.0,2,ks,3,4,1,1.2,1.0
630,2,80.0,2,ks,3,4,2,1.2,1.1
631,2,80.0,2,ks,3,4,3,1.2,1.2
632,2,80.0,2,ks,3,4,4,1.2,1.5
633,2,80.0,2,ks,3,5,1,1.0,1.0
634,2,80.0,2,ks,3,5,2,1.0,1.1
635,2,80.0,2,ks,3,5,3,1.0,1.2
636,2,80.0,2,ks,3,5,4,1.0,1.5
637,2,80.0,2,ks,3,6,1,1.5,1.0
638,2,80.0,2,ks,3,6,2,1.5,1.1
639,2,80.0,2,ks,3,6,3,1.5,1.2
640,2,80.0,2,ks,3,6,4,1.5,1.5
641,2,80.0,2,ks,3,7,1,2.5,1.0
642,2,80.0,2,ks,3,7,2,2.5,1.1
643,2,80.0,2,ks,3,7,3,2.5,1.2
644,2,80.0,2,ks,3,7,4,2.5,1.5
645,2,80.0,2,ks,4,1,1,1.0,1.0
646,2,80.0,2,ks,4,1,2,1.0,1.1
647,2,80.0,2,ks,4,1,3,1.0,1.2
648,2,80.0,2,ks,4,1,4,1.0,1.5
649,2,80.0,2,ks,4,2,1,2.0,1.0
650,2,80.0,2,ks,4,2,2,2.0,1.1
651,2,80.0,2,ks,4,2,3,2.0,1.2
652,2,80.0,2,ks,4,2,4,2.0,1.5
653,2,80.0,2,ks,4,3,1,1.4,1.0
654,2,80.0,2,ks,4,3,2,1.4,1.1
655,2,80.0,2,ks,4,3,3,1.4,1.2
656,2,80.0,2,ks,4,3,4,1.4,1.5
657,2,80.0,2,ks,4,4,1,1.2,1.0
658,2,80.0,2,ks,4,4,2,1.2,1.1
659,2,80.0,2,ks,4,4,3,1.2,1.2
660,2,80.0,2,ks,4,4,4,1.2,1.5
661,2,80.0,2,ks,4,5,1,1.0,1.0
662,2,80.0,2,ks,4,5,2,1.0,1.1
663,2,80.0,2,ks,4,5,3,1.0,1.2
664,2,80.0,2,ks,4,5,4,1.0,1.5
665,2,80.0,2,ks,4,6,1,1.5,1.0
666,2,80.0,2,ks,4,6,2,1.5,1.1
667,2,80.0,2,ks,4,6,3,1.5,1.2
668,2,80.0,2,ks,4,6,4,1.5,1.5
669,2,80.0,2,ks,4,7,1,2.5,1.0
670,2,80.0,2,ks,4,7,2,2.5,1.1
671,2,80.0,2,ks,4,7,3,2.5,1.2
672,2,80.0,2,ks,4,7,4,2.5,1.5
673,2,80.0,3,ks,1,1,1,1.0,1.0
674,2,80.0,3,ks,1,1,2,1.0,1.1
675,2,80.0,3,ks,1,1,3,1.0,1.2
676,2,80.0,3,ks,1,1,4,1.0,1.5
677,2,80.0,3,ks,1,2,1,2.0,1.0
678,2,80.0,3,ks,1,2,2,2.0,1.1
679,2,80.0,3,ks,1,2,3,2.0,1.2
680,2,80.0,3,ks,1,2,4,2.0,1.5
681,2,80.0,3,ks,1,3,1,1.4,1.0
682,2,80.0,3,ks,1,3,2,1.4,1.1
683,2,80.0,3,ks,1,3,3,1.4,1.2
684,2,80.0,3,ks,1,3,4,1.4,1.5
685,2,80.0,3,ks,1,4,1,1.2,1.0
686,2,80.0,3,ks,1,4,2,1.2,1.1
687,2,80.0,3,ks,1,4,3,1.2,1.2
688,2,80.0,3,ks,1,4,4,1.2,1.5
689,2,80.0,3,ks,1,5,1,1.0,1.0
690,2,80.0,3,ks,1,5,2,1.0,1.1
691,2,80.0,3,ks,1,5,3,1.0,1.2
692,2,80.0,3,ks,1,5,4,1.0,1.5
693,2,80.0,3,ks,1,6,1,1.5,1.0
694,2,80.0,3,ks,1,6,2,1.5,1.1
695,2,80.0,3,ks,1,6,3,1.5,1.2
696,2,80.0,3,ks,1,6,4,1.5,1.5
697,2,80.0,3,ks,1,7,1,2.5,1.0
698,2,80.0,3,ks,1,7,2,2.5,1.1
699,2,80.0,3,ks,1,7,3,2.5,1.2
700,2,80.0,3,ks,1,7,4,2.5,1.5
701,2,80.0,3,ks,2,1,1,1.0,1.0
702,2,80.0,3,ks,2,1,2,1.0,1.1
703,2,80.0,3,ks,2,1,3,1.0,1.2
704,2,80.0,3,ks,2,1,4,1.0,1.5
705,2,80.0,3,ks,2,2,1,2.0,1.0
706,2,80.0,3,ks,2,2,2,2.0,1.1
707,2,80.0,3,ks,2,2,3,2.0,1.2
708,2,80.0,3,ks,2,2,4,2.0,1.5
709,2,80.0,3,ks,2,3,1,1.4,1.0
710,2,80.0,3,ks,2,3,2,1.4,1.1
711,2,80.0,3,ks,2,3,3,1.4,1.2
712,2,80.0,3,ks,2,3,4,1.4,1.5
713,2,80.0,3,ks,2,4,1,1.2,1.0
714,2,80.0,3,ks,2,4,2,1.2,1.1
715,2,80.0,3,ks,2,4,3,1.2,1.2
716,2,80.0,3,ks,2,4,4,1.2,1.5
717,2,80.0,3,ks,2,5,1,1.0,1.0
718,2,80.0,3,ks,2,5,2,1.0,1.1
719,2,80.0,3,ks,2,5,3,1.0,1.2
720,2,80.0,3,ks,2,5,4,1.0,1.5
721,2,80.0,3,ks,2,6,1,1.5,1.0
722,2,80.0,3,ks,2,6,2,1.5,1.1
723,2,80.0,3,ks,2,6,3,1.5,1.2
724,2,80.0,3,ks,2,6,4,1.5,1.5
725,2,80.0,3,ks,2,7,1,2.5,1.0
726,2,80.0,3,ks,2,7,2,2.5,1.1
727,2,80.0,3,ks,2,7,3,2.5,1.2
728,2,80.0,3,ks,2,7,4,2.5,1.5
729,2,80.0,3,ks,3,1,1,1.0,1.0
730,2,80.0,3,ks,3,1,2,1.0,1.1
731,2,80.0,3,ks,3,1,3,1.0,1.2
732,2,80.0,3,ks,3,1,4,1.0,1.5
733,2,80.0,3,ks,3,2,1,2.0,1.0
734,2,80.0,3,ks,3,2,2,2.0,1.1
735,2,80.0,3,ks,3,2,3,2.0,1.2
736,2,80.0,3,ks,3,2,4,2.0,1.5
737,2,80.0,3,ks,3,3,1,1.4,1.0
738,2,80.0,3,ks,3,3,2,1.4,1.1
739,2,80.0,3,ks,3,3,3,1.4,1.2
740,2,80.0,3,ks,3,3,4,1.4,1.5
741,2,80.0,3,ks,3,4,1,1.2,1.0
742,2,80.0,3,ks,3,4,2,1.2,1.1
743,2,80.0,3,ks,3,4,3,1.2,1.2
744,2,80.0,3,ks,3,4,4,1.2,1.5
745,2,80.0,3,ks,3,5,1,1.0,1.0
746,2,80.0,3,ks,3,5,2,1.0,1.1
747,2,80.0,3,ks,3,5,3,1.0,1.2
748,2,80.0,3,ks,3,5,4,1.0,1.5
749,2,80.0,3,ks,3,6,1,1.5,1.0
750,2,80.0,3,ks,3,6,2,1.5,1.1
751,2,80.0,3,ks,3,6,3,1.5,1.2
752,2,80.0,3,ks,3,6,4,1.5,1.5
753,2,80.0,3,ks,3,7,1,2.5,1.0
754,2,80.0,3,ks,3,7,2,2.5,1.1
755,2,80.0,3,ks,3,7,3,2.5,1.2
756,2,80.0,3,ks,3,7,4,2.5,1.5
757,2,80.0,3,ks,4,1,1,1.0,1.0
758,2,80.0,3,ks,4,1,2,1.0,1.1
759,2,80.0,3,ks,4,1,3,1.0,1.2
760,2,80.0,3,ks,4,1,4,1.0,1.5
761,2,80.0,3,ks,4,2,1,2.0,1.0
762,2,80.0,3,ks,4,2,2,2.0,1.1
763,2,80.0,3,ks,4,2,3,2.0,1.2
764,2,80.0,3,ks,4,2,4,2.0,1.5
765,2,80.0,3,ks,4,3,1,1.4,1.0
766,2,80.0,3,ks,4,3,2,1.4,1.1
767,2,80.0,3,ks,4,3,3,1.4,1.2
768,2,80.0,3,ks,4,3,4,1.4,1.5
769,2,80.0,3,ks,4,4,1,1.2,1.0
770,2,80.0,3,ks,4,4,2,1.2,1.1
771,2,80.0,3,ks,4,4,3,1.2,1.2
772,2,80.0,3,ks,4,4,4,1.2,1.5
773,2,80.0,3,ks,4,5,1,1.0,1.0
774,2,80.0,3,ks,4,5,2,1.0,1.1
775,2,80.0,3,ks,4,5,3,1.0,1.2
776,2,80.0,3,ks,4,5,4,1.0,1.5
777,2,80.0,3,ks,4,6,1,1.5,1.0
778,2,80.0,3,ks,4,6,2,1.5,1.1
779,2,80.0,3,ks,4,6,3,1.5,1.2
780,2,80.0,3,ks,4,6,4,1.5,1.5
781,2,80.0,3,ks,4,7,1,2.5,1.0
782,2,80.0,3,ks,4,7,2,2.5,1.1
783,2,80.0,3,ks,4,7,3,2.5,1.2
784,2,80.0,3,ks,4,7,4,2.5,1.5
785,2,80.0,4,m,1,1,1,1.0,1.0
786,2,80.0,4,m,1,1,2,1.0,1.1
787,2,80.0,4,m,1,1,3,1.0,1.2
788,2,80.0,4,m,1,1,4,1.0,1.5
789,2,80.0,4,m,1,2,1,2.0,1.0
790,2,80.0,4,m,1,2,2,2.0,1.1
791,2,80.0,4,m,1,2,3,2.0,1.2
792,2,80.0,4,m,1,2,4,2.0,1.5
793,2,80.0,4,m,1,3,1,1.4,1.0
794,2,80.0,4,m,1,3,2,1.4,1.1
795,2,80.0,4,m,1,3,3,1.4,1.2
796,2,80.0,4,m,1,3,4,1.4,1.5
797,2,80.0,4,m,1,4,1,1.2,1.0
798,2,80.0,4,m,1,4,2,1.2,1.1
799,2,80.0,4,m,1,4,3,1.2,1.2
800,2,80.0,4,m,1,4,4,1.2,1.5
801,2,80.0,4,m,1,5,1,1.0,1.0
802,2,80.0,4,m,1,5,2,1.0,1.1
803,2,80.0,4,m,1,5,3,1.0,1.2
804,2,80.0,4,m,1,5,4,1.0,1.5
805,2,80.0,4,m,1,6,1,1.5,1.0
806,2,80.0,4,m,1,6,2,1.5,1.1
807,2,80.0,4,m,1,6,3,1.5,1.2
808,2,80.0,4,m,1,6,4,1.5,1.5
809,2,80.0,4,m,1,7,1,2.5,1.0
810,2,80.0,4,m,1,7,2,2.5,1.1
811,2,80.0,4,m,1,7,3,2.5,1.2
812,2,80.0,4,m,1,7,4,2.5,1.5
813,2,80.0,4,m,2,1,1,1.0,1.0
814,2,80.0,4,m,2,1,2,1.0,1.1
815,2,80.0,4,m,2,1,3,1.0,1.2
816,2,80.0,4,m,2,1,4,1.0,1.5
817,2,80.0,4,m,2,2,1,2.0,1.0
818,2,80.0,4,m,2,2,2,2.0,1.1
819,2,80.0,4,m,2,2,3,2.0,1.2
820,2,80.0,4,m,2,2,4,2.0,1.5
821,2,80.0,4,m,2,3,1,1.4,1.0
822,2,80.0,4,m,2,3,2,1.4,1.1
823,2,80.0,4,m,2,3,3,1.4,1.2
824,2,80.0,4,m,2,3,4,1.4,1.5
825,2,80.0,4,m,2,4,1,1.2,1.0
826,2,80.0,4,m,2,4,2,1.2,1.1
827,2,80.0,4,m,2,4,3,1.2,1.2
828,2,80.0,4,m,2,4,4,1.2,1.5
829,2,80.0,4,m,2,5,1,1.0,1.0
830,2,80.0,4,m,2,5,2,1.0,1.1
831,2,80.0,4,m,2,5,3,1.0,1.2
832,2,80.0,4,m,2,5,4,1.0,1.5
833,2,80.0,4,m,2,6,1,1.5,1.0
834,2,80.0,4,m,2,6,2,1.5,1.1
835,2,80.0,4,m,2,6,3,1.5,1.2
836,2,80.0,4,m,2,6,4,1.5,1.5
837,2,80.0,4,m,2,7,1,2.5,1.0
838,2,80.0,4,m,2,7,2,2.5,1.1
839,2,80.0,4,m,2,7,3,2.5,1.2
840,2,80.0,4,m,2,7,4,2.5,1.5
841,2,80.0,4,m,3,1,1,1.0,1.0
842,2,80.0,4,m,3,1,2,1.0,1.1
843,2,80.0,4,m,3,1,3,1.0,1.2
844,2,80.0,4,m,3,1,4,1.0,1.5
845,2,80.0,4,m,3,2,1,2.0,1.0
846,2,80.0,4,m,3,2,2,2.0,1.1
847,2,80.0,4,m,3,2,3,2.0,1.2
848,2,80.0,4,m,3,2,4,2.0,1.5
849,2,80.0,4,m,3,3,1,1.4,1.0
850,2,80.0,4,m,3,3,2,1.4,1.1
851,2,80.0,4,m,3,3,3,1.4,1.2
852,2,80.0,4,m,3,3,4,1.4,1.5
853,2,80.0,4,m,3,4,1,1.2,1.0
854,2,80.0,4,m,3,4,2,1.2,1.1
855,2,80.0,4,m,3,4,3,1.2,1.2
856,2,80.0,4,m,3,4,4,1.2,1.5
857,2,80.0,4,m,3,5,1,1.0,1.0
858,2,80.0,4,m,3,5,2,1.0,1.1
859,2,80.0,4,m,3,5,3,1.0,1.2
860,2,80.0,4,m,3,5,4,1.0,1.5
861,2,80.0,4,m,3,6,1,1.5,1.0
862,2,80.0,4,m,3,6,2,1.5,1.1
863,2,80.0,4,m,3,6,3,1.5,1.2
864,2,80.0,4,m,3,6,4,1.5,1.5
865,2,80.0,4,m,3,7,1,2.5,1.0
866,2,80.0,4,m,3,7,2,2.5,1.1
867,2,80.0,4,m,3,7,3,2.5,1.2
868,2,80.0,4,m,3,7,4,2.5,1.5
869,2,80.0,4,m,4,1,1,1.0,1.0
870,2,80.0,4,m,4,1,2,1.0,1.1
871,2,80.0,4,m,4,1,3,1.0,1.2
872,2,80.0,4,m,4,1,4,1.0,1.5
873,2,80.0,4,m,4,2,1,2.0,1.0
874,2,80.0,4,m,4,2,2,2.0,1.1
875,2,80.0,4,m,4,2,3,2.0,1.2
876,2,80.0,4,m,4,2,4,2.0,1.5
877,2,80.0,4,m,4,3,1,1.4,1.0
878,2,80.0,4,m,4,3,2,1.4,1.1
879,2,80.0,4,m,4,3,3,1.4,1.2
880,2,80.0,4,m,4,3,4,1.4,1.5
881,2,80.0,4,m,4,4,1,1.2,1.0
882,2,80.0,4,m,4,4,2,1.2,1.1
883,2,80.0,4,m,4,4,3,1.2,1.2
884,2,80.0,4,m,4,4,4,1.2,1.5
885,2,80.0,4,m,4,5,1,1.0,1.0
886,2,80.0,4,m,4,5,2,1.0,1.1
887,2,80.0,4,m,4,5,3,1.0,1.2
888,2,80.0,4,m,4,5,4,1.0,1.5
889,2,80.0,4,m,4,6,1,1.5,1.0
890,2,80.0,4,m,4,6,2,1.5,1.1
891,2,80.0,4,m,4,6,3,1.5,1.2
892,2,80.0,4,m,4,6,4,1.5,1.5
893,2,80.0,4,m,4,7,1,2.5,1.0
894,2,80.0,4,m,4,7,2,2.5,1.1
895,2,80.0,4,m,4,7,3,2.5,1.2
896,2,80.0,4,m,4,7,4,2.5,1.5
897,3,180.0,1,ks,1,1,1,1.0,1.0
898,3,180.0,1,ks,1,1,2,1.0,1.1
899,3,180.0,1,ks,1,1,3,1.0,1.2
900,3,180.0,1,ks,1,1,4,1.0,1.5
901,3,180.0,1,ks,1,2,1,2.0,1.0
902,3,180.0,1,ks,1,2,2,2.0,1.1
903,3,180.0,1,ks,1,2,3,2.0,1.2
904,3,180.0,1,ks,1,2,4,2.0,1.5
905,3,180.0,1,ks,1,3,1,1.4,1.0
906,3,180.0,1,ks,1,3,2,1.4,1.1
907,3,180.0,1,ks,1,3,3,1.4,1.2
908,3,180.0,1,ks,1,3,4,1.4,1.5
909,3,180.0,1,ks,1,4,1,1.2,1.0
910,3,180.0,1,ks,1,4,2,1.2,1.1
911,3,180.0,1,ks,1,4,3,1.2,1.2
912,3,180.0,1,ks,1,4,4,1.2,1.5
913,3,180.0,1,ks,1,5,1,1.0,1.0
914,3,180.0,1,ks,1,5,2,1.0,1.1
915,3,180.0,1,ks,1,5,3,1.0,1.2
916,3,180.0,1,ks,1,5,4,1.0,1.5
917,3,180.0,1,ks,1,6,1,1.5,1.0
918,3,180.0,1,ks,1,6,2,1.5,1.1
919,3,180.0,1,ks,1,6,3,1.5,1.2
920,3,180.0,1,ks,1,6,4,1.5,1.5
921,3,180.0,1,ks,1,7,1,2.5,1.0
922,3,180.0,1,ks,1,7,2,2.5,1.1
923,3,180.0,1,ks,1,7,3,2.5,1.2
924,3,180.0,1,ks,1,7,4,2.5,1.5
925,3,180.0,1,ks,2,1,1,1.0,1.0
926,3,180.0,1,ks,2,1,2,1.0,1.1
927,3,180.0,1,ks,2,1,3,1.0,1.2
928,3,180.0,1,ks,2,1,4,1.0,1.5
929,3,180.0,1,ks,2,2,1,2.0,1.0
930,3,180.0,1,ks,2,2,2,2.0,1.1
931,3,180.0,1,ks,2,2,3,2.0,1.2
932,3,180.0,1,ks,2,2,4,2.0,1.5
933,3,180.0,1,ks,2,3,1,1.4,1.0
934,3,180.0,1,ks,2,3,2,1.4,1.1
935,3,180.0,1,ks,2,3,3,1.4,1.2
936,3,180.0,1,ks,2,3,4,1.4,1.5
937,3,180.0,1,ks,2,4,1,1.2,1.0
938,3,180.0,1,ks,2,4,2,1.2,1.1
939,3,180.0,1,ks,2,4,3,1.2,1.2
940,3,180.0,1,ks,2,4,4,1.2,1.5
941,3,180.0,1,ks,2,5,1,1.0,1.0
942,3,180.0,1,ks,2,5,2,1.0,1.1
943,3,180.0,1,ks,2,5,3,1.0,1.2
944,3,180.0,1,ks,2,5,4,1.0,1.5
945,3,180.0,1,ks,2,6,1,1.5,1.0
946,3,180.0,1,ks,2,6,2,1.5,1.1
947,3,180.0,1,ks,2,6,3,1.5,1.2
948,3,180.0,1,ks,2,6,4,1.5,1.5
949,3,180.0,1,ks,2,7,1,2.5,1.0
950,3,180.0,1,ks,2,7,2,2.5,1.1
951,3,180.0,1,ks,2,7,3,2.5,1.2
952,3,180.0,1,ks,2,7,4,2.5,1.5
953,3,180.0,1,ks,3,1,1,1.0,1.0
954,3,180.0,1,ks,3,1,2,1.0,1.1
955,3,180.0,1,ks,3,1,3,1.0,1.2
956,3,180.0,1,ks,3,1,4,1.0,1.5
957,3,180.0,1,ks,3,2,1,2.0,1.0
958,3,180.0,1,ks,3,2,2,2.0,1.1
959,3,180.0,1,ks,3,2,3,2.0,1.2
960,3,180.0,1,ks,3,2,4,2.0,1.5
961,3,180.0,1,ks,3,3,1,1.4,1.0
962,3,180.0,1,ks,3,3,2,1.4,1.1
963,3,180.0,1,ks,3,3,3,1.4,1.2
964,3,180.0,1,ks,3,3,4,1.4,1.5
965,3,180.0,1,ks,3,4,1,1.2,1.0
966,3,180.0,1,ks,3,4,2,1.2,1.1
967,3,180.0,1,ks,3,4,3,1.2,1.2
968,3,180.0,1,ks,3,4,4,1.2,1.5
969,3,180.0,1,ks,3,5,1,1.0,1.0
970,3,180.0,1,ks,3,5,2,1.0,1.1
971,3,180.0,1,ks,3,5,3,1.0,1.2
972,3,180.0,1,ks,3,5,4,1.0,1.5
973,3,180.0,1,ks,3,6,1,1.5,1.0
974,3,180.0,1,ks,3,6,2,1.5,1.1
975,3,180.0,1,ks,3,6,3,1.5,1.2
976,3,180.0,1,ks,3,6,4,1.5,1.5
977,3,180.0,1,ks,3,7,1,2.5,1.0
978,3,180.0,1,ks,3,7,2,2.5,1.1
979,3,180.0,1,ks,3,7,3,2.5,1.2
980,3,180.0,1,ks,3,7,4,2.5,1.5
981,3,180.0,1,ks,4,1,1,1.0,1.0
982,3,180.0,1,ks,4,1,2,1.0,1.1
983,3,180.0,1,ks,4,1,3,1.0,1.2
984,3,180.0,1,ks,4,1,4,1.0,1.5
985,3,180.0,1,ks,4,2,1,2.0,1.0
986,3,180.0,1,ks,4,2,2,2.0,1.1
987,3,180.0,1,ks,4,2,3,2.0,1.2
988,3,180.0,1,ks,4,2,4,2.0,1.5
989,3,180.0,1,ks,4,3,1,1.4,1.0
990,3,180.0,1,ks,4,3,2,1.4,1.1
991,3,180.0,1,ks,4,3,3,1.4,1.2
992,3,180.0,1,ks,4,3,4,1.4,1.5
993,3,180.0,1,ks,4,4,1,1.2,1.0
994,3,180.0,1,ks,4,4,2,1.2,1.1
995,3,180.0,1,ks,4,4,3,1.2,1.2
996,3,180.0,1,ks,4,4,4,1.2,1.5
997,3,180.0,1,ks,4,5,1,1.0,1.0
998,3,180.0,1,ks,4,5,2,1.0,1.1
999,3,180.0,1,ks,4,5,3,1.0,1.2
1000,3,180.0,1,ks,4,5,4,1.0,1.5
1001,3,180.0,1,ks,4,6,1,1.5,1.0
1002,3,180.0,1,ks,4,6,2,1.5,1.1
1003,3,180.0,1,ks,4,6,3,1.5,1.2
1004,3,180.0,1,ks,4,6,4,1.5,1.5
1005,3,180.0,1,ks,4,7,1,2.5,1.0
1006,3,180.0,1,ks,4,7,2,2.5,1.1
1007,3,180.0,1,ks,4,7,3,2.5,1.2
1008,3,180.0,1,ks,4,7,4,2.5,1.5
1009,3,180.0,2,ks,1,1,1,1.0,1.0
1010,3,180.0,2,ks,1,1,2,1.0,1.1
1011,3,180.0,2,ks,1,1,3,1.0,1.2
1012,3,180.0,2,ks,1,1,4,1.0,1.5
1013,3,180.0,2,ks,1,2,1,2.0,1.0
1014,3,180.0,2,ks,1,2,2,2.0,1.1
1015,3,180.0,2,ks,1,2,3,2.0,1.2
1016,3,180.0,2,ks,1,2,4,2.0,1.5
1017,3,180.0,2,ks,1,3,1,1.4,1.0
1018,3,180.0,2,ks,1,3,2,1.4,1.1
1019,3,180.0,2,ks,1,3,3,1.4,1.2
1020,3,180.0,2,ks,1,3,4,1.4,1.5
1021,3,180.0,2,ks,1,4,1,1.2,1.0
1022,3,180.0,2,ks,1,4,2,1.2,1.1
1023,3,180.0,2,ks,1,4,3,1.2,1.2
1024,3,180.0,2,ks,1,4,4,1.2,1.5
1025,3,180.0,2,ks,1,5,1,1.0,1.0
1026,3,180.0,2,ks,1,5,2,1.0,1.1
1027,3,180.0,2,ks,1,5,3,1.0,1.2
1028,3,180.0,2,ks,1,5,4,1.0,1.5
1029,3,180.0,2,ks,1,6,1,1.5,1.0
1030,3,180.0,2,ks,1,6,2,1.5,1.1
1031,3,180.0,2,ks,1,6,3,1.5,1.2
1032,3,180.0,2,ks,1,6,4,1.5,1.5
1033,3,180.0,2,ks,1,7,1,2.5,1.0
1034,3,180.0,2,ks,1,7,2,2.5,1.1
1035,3,180.0,2,ks,1,7,3,2.5,1.2
1036,3,180.0,2,ks,1,7,4,2.5,1.5
1037,3,180.0,2,ks,2,1,1,1.0,1.0
1038,3,180.0,2,ks,2,1,2,1.0,1.1
1039,3,180.0,2,ks,2,1,3,1.0,1.2
1040,3,180.0,2,ks,2,1,4,1.0,1.5
1041,3,180.0,2,ks,2,2,1,2.0,1.0
1042,3,180.0,2,ks,2,2,2,2.0,1.1
1043,3,180.0,2,ks,2,2,3,2.0,1.2
1044,3,180.0,2,ks,2,2,4,2.0,1.5
1045,3,180.0,2,ks,2,3,1,1.4,1.0
1046,3,180.0,2,ks,2,3,2,1.4,1.1
1047,3,180.0,2,ks,2,3,3,1.4,1.2
1048,3,180.0,2,ks,2,3,4,1.4,1.5
1049,3,180.0,2,ks,2,4,1,1.2,1.0
1050,3,180.0,2,ks,2,4,2,1.2,1.1
1051,3,180.0,2,ks,2,4,3,1.2,1.2
1052,3,180.0,2,ks,2,4,4,1.2,1.5
1053,3,180.0,2,ks,2,5,1,1.0,1.0
1054,3,180.0,2,ks,2,5,2,1.0,1.1
1055,3,180.0,2,ks,2,5,3,1.0,1.2
1056,3,180.0,2,ks,2,5,4,1.0,1.5
1057,3,180.0,2,ks,2,6,1,1.5,1.0
1058,3,180.0,2,ks,2,6,2,1.5,1.1
1059,3,180.0,2,ks,2,6,3,1.5,1.2
1060,3,180.0,2,ks,2,6,4,1.5,1.5
1061,3,180.0,2,ks,2,7,1,2.5,1.0
1062,3,180.0,2,ks,2,7,2,2.5,1.1
1063,3,180.0,2,ks,2,7,3,2.5,1.2
1064,3,180.0,2,ks,2,7,4,2.5,1.5
1065,3,180.0,2,ks,3,1,1,1.0,1.0
1066,3,180.0,2,ks,3,1,2,1.0,1.1
1067,3,180.0,2,ks,3,1,3,1.0,1.2
1068,3,180.0,2,ks,3,1,4,1.0,1.5
1069,3,180.0,2,ks,3,2,1,2.0,1.0
1070,3,180.0,2,ks,3,2,2,2.0,1.1
1071,3,180.0,2,ks,3,2,3,2.0,1.2
1072,3,180.0,2,ks,3,2,4,2.0,1.5
1073,3,180.0,2,ks,3,3,1,1.4,1.0
1074,3,180.0,2,ks,3,3,2,1.4,1.1
1075,3,180.0,2,ks,3,3,3,1.4,1.2
1076,3,180.0,2,ks,3,3,4,1.4,1.5
1077,3,180.0,2,ks,3,4,1,1.2,1.0
1078,3,180.0,2,ks,3,4,2,1.2,1.1
1079,3,180.0,2,ks,3,4,3,1.2,1.2
1080,3,180.0,2,ks,3,4,4,1.2,1.5
1081,3,180.0,2,ks,3,5,1,1.0,1.0
1082,3,180.0,2,ks,3,5,2,1.0,1.1
1083,3,180.0,2,ks,3,5,3,1.0,1.2
1084,3,180.0,2,ks,3,5,4,1.0,1.5
1085,3,180.0,2,ks,3,6,1,1.5,1.0
1086,3,180.0,2,ks,3,6,2,1.5,1.1
1087,3,180.0,2,ks,3,6,3,1.5,1.2
1088,3,180.0,2,ks,3,6,4,1.5,1.5
1089,3,180.0,2,ks,3,7,1,2.5,1.0
1090,3,180.0,2,ks,3,7,2,2.5,1.1
1091,3,180.0,2,ks,3,7,3,2.5,1.2
1092,3,180.0,2,ks,3,7,4,2.5,1.5
1093,3,180.0,2,ks,4,1,1,1.0,1.0
1094,3,180.0,2,ks,4,1,2,1.0,1.1
1095,3,180.0,2,ks,4,1,3,1.0,1.2
1096,3,180.0,2,ks,4,1,4,1.0,1.5
1097,3,180.0,2,ks,4,2,1,2.0,1.0
1098,3,180.0,2,ks,4,2,2,2.0,1.1
1099,3,180.0,2,ks,4,2,3,2.0,1.2
1100,3,180.0,2,ks,4,2,4,2.0,1.5
1101,3,180.0,2,ks,4,3,1,1.4,1.0
1102,3,180.0,2,ks,4,3,2,1.4,1.1
1103,3,180.0,2,ks,4,3,3,1.4,1.2
1104,3,180.0,2,ks,4,3,4,1.4,1.5
1105,3,180.0,2,ks,4,4,1,1.2,1.0
1106,3,180.0,2,ks,4,4,2,1.2,1.1
1107,3,180.0,2,ks,4,4,3,1.2,1.2
1108,3,180.0,2,ks,4,4,4,1.2,1.5
1109,3,180.0,2,ks,4,5,1,1.0,1.0
1110,3,180.0,2,ks,4,5,2,1.0,1.1
1111,3,180.0,2,ks,4,5,3,1.0,1.2
1112,3,180.0,2,ks,4,5,4,1.0,1.5
1113,3,180.0,2,ks,4,6,1,1.5,1.0
1114,3,180.0,2,ks,4,6,2,1.5,1.1
1115,3,180.0,2,ks,4,6,3,1.5,1.2
1116,3,180.0,2,ks,4,6,4,1.5,1.5
1117,3,180.0,2,ks,4,7,1,2.5,1.0
1118,3,180.0,2,ks,4,7,2,2.5,1.1
1119,3,180.0,2,ks,4,7,3,2.5,1.2
1120,3,180.0,2,ks,4,7,4,2.5,1.5
1121,3,180.0,3,ks,1,1,1,1.0,1.0
1122,3,180.0,3,ks,1,1,2,1.0,1.1
1123,3,180.0,3,ks,1,1,3,1.0,1.2
1124,3,180.0,3,ks,1,1,4,1.0,1.5
1125,3,180.0,3,ks,1,2,1,2.0,1.0
1126,3,180.0,3,ks,1,2,2,2.0,1.1
1127,3,180.0,3,ks,1,2,3,2.0,1.2
1128,3,180.0,3,ks,1,2,4,2.0,1.5
1129,3,180.0,3,ks,1,3,1,1.4,1.0
1130,3,180.0,3,ks,1,3,2,1.4,1.1
1131,3,180.0,3,ks,1,3,3,1.4,1.2
1132,3,180.0,3,ks,1,3,4,1.4,1.5
1133,3,180.0,3,ks,1,4,1,1.2,1.0
1134,3,180.0,3,ks,1,4,2,1.2,1.1
1135,3,180.0,3,ks,1,4,3,1.2,1.2
1136,3,180.0,3,ks,1,4,4,1.2,1.5
1137,3,180.0,3,ks,1,5,1,1.0,1.0
1138,3,180.0,3,ks,1,5,2,1.0,1.1
1139,3,180.0,3,ks,1,5,3,1.0,1.2
1140,3,180.0,3,ks,1,5,4,1.0,1.5
1141,3,180.0,3,ks,1,6,1,1.5,1.0
1142,3,180.0,3,ks,1,6,2,1.5,1.1
1143,3,180.0,3,ks,1,6,3,1.5,1.2
1144,3,180.0,3,ks,1,6,4,1.5,1.5
1145,3,180.0,3,ks,1,7,1,2.5,1.0
1146,3,180.0,3,ks,1,7,2,2.5,1.1
1147,3,180.0,3,ks,1,7,3,2.5,1.2
1148,3,180.0,3,ks,1,7,4,2.5,1.5
1149,3,180.0,3,ks,2,1,1,1.0,1.0
1150,3,180.0,3,ks,2,1,2,1.0,1.1
1151,3,180.0,3,ks,2,1,3,1.0,1.2
1152,3,180.0,3,ks,2,1,4,1.0,1.5
1153,3,180.0,3,ks,2,2,1,2.0,1.0
1154,3,180.0,3,ks,2,2,2,2.0,1.1
1155,3,180.0,3,ks,2,2,3,2.0,1.2
1156,3,180.0,3,ks,2,2,4,2.0,1.5
1157,3,180.0,3,ks,2,3,1,1.4,1.0
1158,3,180.0,3,ks,2,3,2,1.4,1.1
1159,3,180.0,3,ks,2,3,3,1.4,1.2
1160,3,180.0,3,ks,2,3,4,1.4,1.5
1161,3,180.0,3,ks,2,4,1,1.2,1.0
1162,3,180.0,3,ks,2,4,2,1.2,1.1
1163,3,180.0,3,ks,2,4,3,1.2,1.2
1164,3,180.0,3,ks,2,4,4,1.2,1.5
1165,3,180.0,3,ks,2,5,1,1.0,1.0
1166,3,180.0,3,ks,2,5,2,1.0,1.1
1167,3,180.0,3,ks,2,5,3,1.0,1.2
1168,3,180.0,3,ks,2,5,4,1.0,1.5
1169,3,180.0,3,ks,2,6,1,1.5,1.0
1170,3,180.0,3,ks,2,6,2,1.5,1.1
1171,3,180.0,3,ks,2,6,3,1.5,1.2
1172,3,180.0,3,ks,2,6,4,1.5,1.5
1173,3,180.0,3,ks,2,7,1,2.5,1.0
1174,3,180.0,3,ks,2,7,2,2.5,1.1
1175,3,180.0,3,ks,2,7,3,2.5,1.2
1176,3,180.0,3,ks,2,7,4,2.5,1.5
1177,3,180.0,3,ks,3,1,1,1.0,1.0
1178,3,180.0,3,ks,3,1,2,1.0,1.1
1179,3,180.0,3,ks,3,1,3,1.0,1.2
1180,3,180.0,3,ks,3,1,4,1.0,1.5
1181,3,180.0,3,ks,3,2,1,2.0,1.0
1182,3,180.0,3,ks,3,2,2,2.0,1.1
1183,3,180.0,3,ks,3,2,3,2.0,1.2
1184,3,180.0,3,ks,3,2,4,2.0,1.5
1185,3,180.0,3,ks,3,3,1,1.4,1.0
1186,3,180.0,3,ks,3,3,2,1.4,1.1
1187,3,180.0,3,ks,3,3,3,1.4,1.2
1188,3,180.0,3,ks,3,3,4,1.4,1.5
1189,3,180.0,3,ks,3,4,1,1.2,1.0
1190,3,180.0,3,ks,3,4,2,1.2,1.1
1191,3,180.0,3,ks,3,4,3,1.2,1.2
1192,3,180.0,3,ks,3,4,4,1.2,1.5
1193,3,180.0,3,ks,3,5,1,1.0,1.0
1194,3,180.0,3,ks,3,5,2,1.0,1.1
1195,3,180.0,3,ks,3,5,3,1.0,1.2
1196,3,180.0,3,ks,3,5,4,1.0,1.5
1197,3,180.0,3,ks,3,6,1,1.5,1.0
1198,3,180.0,3,ks,3,6,2,1.5,1.1
1199,3,180.0,3,ks,3,6,3,1.5,1.2
1200,3,180.0,3,ks,3,6,4,1.5,1.5
1201,3,180.0,3,ks,3,7,1,2.5,1.0
1202,3,180.0,3,ks,3,7,2,2.5,1.1
1203,3,180.0,3,ks,3,7,3,2.5,1.2
1204,3,180.0,3,ks,3,7,4,2.5,1.5
1205,3,180.0,3,ks,4,1,1,1.0,1.0
1206,3,180.0,3,ks,4,1,2,1.0,1.1
1207,3,180.0,3,ks,4,1,3,1.0,1.2
1208,3,180.0,3,ks,4,1,4,1.0,1.5
1209,3,180.0,3,ks,4,2,1,2.0,1.0
1210,3,180.0,3,ks,4,2,2,2.0,1.1
1211,3,180.0,3,ks,4,2,3,2.0,1.2
1212,3,180.0,3,ks,4,2,4,2.0,1.5
1213,3,180.0,3,ks,4,3,1,1.4,1.0
1214,3,180.0,3,ks,4,3,2,1.4,1.1
1215,3,180.0,3,ks,4,3,3,1.4,1.2
1216,3,180.0,3,ks,4,3,4,1.4,1.5
1217,3,180.0,3,ks,4,4,1,1.2,1.0
1218,3,180.0,3,ks,4,4,2,1.2,1.1
1219,3,180.0,3,ks,4,4,3,1.2,1.2
1220,3,180.0,3,ks,4,4,4,1.2,1.5
1221,3,180.0,3,ks,4,5,1,1.0,1.0
1222,3,180.0,3,ks,4,5,2,1.0,1.1
1223,3,180.0,3,ks,4,5,3,1.0,1.2
1224,3,180.0,3,ks,4,5,4,1.0,1.5
1225,3,180.0,3,ks,4,6,1,1.5,1.0
1226,3,180.0,3,ks,4,6,2,1.5,1.1
1227,3,180.0,3,ks,4,6,3,1.5,1.2
1228,3,180.0,3,ks,4,6,4,1.5,1.5
1229,3,180.0,3,ks,4,7,1,2.5,1.0
1230,3,180.0,3,ks,4,7,2,2.5,1.1
1231,3,180.0,3,ks,4,7,3,2.5,1.2
1232,3,180.0,3,ks,4,7,4,2.5,1.5
1233,3,180.0,4,m,1,1,1,1.0,1.0
1234,3,180.0,4,m,1,1,2,1.0,1.1
1235,3,180.0,4,m,1,1,3,1.0,1.2
1236,3,180.0,4,m,1,1,4,1.0,1.5
1237,3,180.0,4,m,1,2,1,2.0,1.0
1238,3,180.0,4,m,1,2,2,2.0,1.1
1239,3,180.0,4,m,1,2,3,2.0,1.2
1240,3,180.0,4,m,1,2,4,2.0,1.5
1241,3,180.0,4,m,1,3,1,1.4,1.0
1242,3,180.0,4,m,1,3,2,1.4,1.1
1243,3,180.0,4,m,1,3,3,1.4,1.2
1244,3,180.0,4,m,1,3,4,1.4,1.5
1245,3,180.0,4,m,1,4,1,1.2,1.0
1246,3,180.0,4,m,1,4,2,1.2,1.1
1247,3,180.0,4,m,1,4,3,1.2,1.2
1248,3,180.0,4,m,1,4,4,1.2,1.5
1249,3,180.0,4,m,1,5,1,1.0,1.0
1250,3,180.0,4,m,1,5,2,1.0,1.1
1251,3,180.0,4,m,1,5,3,1.0,1.2
1252,3,180.0,4,m,1,5,4,1.0,1.5
1253,3,180.0,4,m,1,6,1,1.5,1.0
1254,3,180.0,4,m,1,6,2,1.5,1.1
1255,3,180.0,4,m,1,6,3,1.5,1.2
1256,3,180.0,4,m,1,6,4,1.5,1.5
1257,3,180.0,4,m,1,7,1,2.5,1.0
1258,3,180.0,4,m,1,7,2,2.5,1.1
1259,3,180.0,4,m,1,7,3,2.5,1.2
1260,3,180.0,4,m,1,7,4,2.5,1.5
1261,3,180.0,4,m,2,1,1,1.0,1.0
1262,3,180.0,4,m,2,1,2,1.0,1.1
1263,3,180.0,4,m,2,1,3,1.0,1.2
1264,3,180.0,4,m,2,1,4,1.0,1.5
1265,3,180.0,4,m,2,2,1,2.0,1.0
1266,3,180.0,4,m,2,2,2,2.0,1.1
1267,3,180.0,4,m,2,2,3,2.0,1.2
1268,3,180.0,4,m,2,2,4,2.0,1.5
1269,3,180.0,4,m,2,3,1,1.4,1.0
1270,3,180.0,4,m,2,3,2,1.4,1.1
1271,3,180.0,4,m,2,3,3,1.4,1.2
1272,3,180.0,4,m,2,3,4,1.4,1.5
1273,3,180.0,4,m,2,4,1,1.2,1.0
1274,3,180.0,4,m,2,4,2,1.2,1.1
1275,3,180.0,4,m,2,4,3,1.2,1.2
1276,3,180.0,4,m,2,4,4,1.2,1.5
1277,3,180.0,4,m,2,5,1,1.0,1.0
1278,3,180.0,4,m,2,5,2,1.0,1.1
1279,3,180.0,4,m,2,5,3,1.0,1.2
1280,3,180.0,4,m,2,5,4,1.0,1.5
1281,3,180.0,4,m,2,6,1,1.5,1.0
1282,3,180.0,4,m,2,6,2,1.5,1.1
1283,3,180.0,4,m,2,6,3,1.5,1.2
1284,3,180.0,4,m,2,6,4,1.5,1.5
1285,3,180.0,4,m,2,7,1,2.5,1.0
1286,3,180.0,4,m,2,7,2,2.5,1.1
1287,3,180.0,4,m,2,7,3,2.5,1.2
1288,3,180.0,4,m,2,7,4,2.5,1.5
1289,3,180.0,4,m,3,1,1,1.0,1.0
1290,3,180.0,4,m,3,1,2,1.0,1.1
1291,3,180.0,4,m,3,1,3,1.0,1.2
1292,3,180.0,4,m,3,1,4,1.0,1.5
1293,3,180.0,4,m,3,2,1,2.0,1.0
1294,3,180.0,4,m,3,2,2,2.0,1.1
1295,3,180.0,4,m,3,2,3,2.0,1.2
1296,3,180.0,4,m,3,2,4,2.0,1.5
1297,3,180.0,4,m,3,3,1,1.4,1.0
1298,3,180.0,4,m,3,3,2,1.4,1.1
1299,3,180.0,4,m,3,3,3,1.4,1.2
1300,3,180.0,4,m,3,3,4,1.4,1.5
1301,3,180.0,4,m,3,4,1,1.2,1.0
1302,3,180.0,4,m,3,4,2,1.2,1.1
1303,3,180.0,4,m,3,4,3,1.2,1.2
1304,3,180.0,4,m,3,4,4,1.2,1.5
1305,3,180.0,4,m,3,5,1,1.0,1.0
1306,3,180.0,4,m,3,5,2,1.0,1.1
1307,3,180.0,4,m,3,5,3,1.0,1.2
1308,3,180.0,4,m,3,5,4,1.0,1.5
1309,3,180.0,4,m,3,6,1,1.5,1.0
1310,3,180.0,4,m,3,6,2,1.5,1.1
1311,3,180.0,4,m,3,6,3,1.5,1.2
1312,3,180.0,4,m,3,6,4,1.5,1.5
1313,3,180.0,4,m,3,7,1,2.5,1.0
1314,3,180.0,4,m,3,7,2,2.5,1.1
1315,3,180.0,4,m,3,7,3,2.5,1.2
1316,3,180.0,4,m,3,7,4,2.5,1.5
1317,3,180.0,4,m,4,1,1,1.0,1.0
1318,3,180.0,4,m,4,1,2,1.0,1.1
1319,3,180.0,4,m,4,1,3,1.0,1.2
1320,3,180.0,4,m,4,1,4,1.0,1.5
1321,3,180.0,4,m,4,2,1,2.0,1.0
1322,3,180.0,4,m,4,2,2,2.0,1.1
1323,3,180.0,4,m,4,2,3,2.0,1.2
1324,3,180.0,4,m,4,2,4,2.0,1.5
1325,3,180.0,4,m,4,3,1,1.4,1.0
1326,3,180.0,4,m,4,3,2,1.4,1.1
1327,3,180.0,4,m,4,3,3,1.4,1.2
1328,3,180.0,4,m,4,3,4,1.4,1.5
1329,3,180.0,4,m,4,4,1,1.2,1.0
1330,3,180.0,4,m,4,4,2,1.2,1.1
1331,3,180.0,4,m,4,4,3,1.2,1.2
1332,3,180.0,4,m,4,4,4,1.2,1.5
1333,3,180.0,4,m,4,5,1,1.0,1.0
1334,3,180.0,4,m,4,5,2,1.0,1.1
1335,3,180.0,4,m,4,5,3,1.0,1.2
1336,3,180.0,4,m,4,5,4,1.0,1.5
1337,3,180.0,4,m,4,6,1,1.5,1.0
1338,3,180.0,4,m,4,6,2,1.5,1.1
1339,3,180.0,4,m,4,6,3,1.5,1.2
1340,3,180.0,4,m,4,6,4,1.5,1.5
1341,3,180.0,4,m,4,7,1,2.5,1.0
1342,3,180.0,4,m,4,7,2,2.5,1.1
1343,3,180.0,4,m,4,7,3,2.5,1.2
1344,3,180.0,4,m,4,7,4,2.5,1.5
1345,4,60.0,1,ks,1,1,1,1.0,1.0
1346,4,60.0,1,ks,1,1,2,1.0,1.1
1347,4,60.0,1,ks,1,1,3,1.0,1.2
1348,4,60.0,1,ks,1,1,4,1.0,1.5
1349,4,60.0,1,ks,1,2,1,2.0,1.0
1350,4,60.0,1,ks,1,2,2,2.0,1.1
1351,4,60.0,1,ks,1,2,3,2.0,1.2
1352,4,60.0,1,ks,1,2,4,2.0,1.5
1353,4,60.0,1,ks,1,3,1,1.4,1.0
1354,4,60.0,1,ks,1,3,2,1.4,1.1
1355,4,60.0,1,ks,1,3,3,1.4,1.2
1356,4,60.0,1,ks,1,3,4,1.4,1.5
1357,4,60.0,1,ks,1,4,1,1.2,1.0
1358,4,60.0,1,ks,1,4,2,1.2,1.1
1359,4,60.0,1,ks,1,4,3,1.2,1.2
1360,4,60.0,1,ks,1,4,4,1.2,1.5
1361,4,60.0,1,ks,1,5,1,1.0,1.0
1362,4,60.0,1,ks,1,5,2,1.0,1.1
1363,4,60.0,1,ks,1,5,3,1.0,1.2
1364,4,60.0,1,ks,1,5,4,1.0,1.5
1365,4,60.0,1,ks,1,6,1,1.5,1.0
1366,4,60.0,1,ks,1,6,2,1.5,1.1
1367,4,60.0,1,ks,1,6,3,1.5,1.2
1368,4,60.0,1,ks,1,6,4,1.5,1.5
1369,4,60.0,1,ks,1,7,1,2.5,1.0
1370,4,60.0,1,ks,1,7,2,2.5,1.1
1371,4,60.0,1,ks,1,7,3,2.5,1.2
1372,4,60.0,1,ks,1,7,4,2.5,1.5
1373,4,60.0,1,ks,2,1,1,1.0,1.0
1374,4,60.0,1,ks,2,1,2,1.0,1.1
1375,4,60.0,1,ks,2,1,3,1.0,1.2
1376,4,60.0,1,ks,2,1,4,1.0,1.5
1377,4,60.0,1,ks,2,2,1,2.0,1.0
1378,4,60.0,1,ks,2,2,2,2.0,1.1
1379,4,60.0,1,ks,2,2,3,2.0,1.2
1380,4,60.0,1,ks,2,2,4,2.0,1.5
1381,4,60.0,1,ks,2,3,1,1.4,1.0
1382,4,60.0,1,ks,2,3,2,1.4,1.1
1383,4,60.0,1,ks,2,3,3,1.4,1.2
1384,4,60.0,1,ks,2,3,4,1.4,1.5
1385,4,60.0,1,ks,2,4,1,1.2,1.0
1386,4,60.0,1,ks,2,4,2,1.2,1.1
1387,4,60.0,1,ks,2,4,3,1.2,1.2
1388,4,60.0,1,ks,2,4,4,1.2,1.5
1389,4,60.0,1,ks,2,5,1,1.0,1.0
1390,4,60.0,1,ks,2,5,2,1.0,1.1
1391,4,60.0,1,ks,2,5,3,1.0,1.2
1392,4,60.0,1,ks,2,5,4,1.0,1.5
1393,4,60.0,1,ks,2,6,1,1.5,1.0
1394,4,60.0,1,ks,2,6,2,1.5,1.1
1395,4,60.0,1,ks,2,6,3,1.5,1.2
1396,4,60.0,1,ks,2,6,4,1.5,1.5
1397,4,60.0,1,ks,2,7,1,2.5,1.0
1398,4,60.0,1,ks,2,7,2,2.5,1.1
1399,4,60.0,1,ks,2,7,3,2.5,1.2
1400,4,60.0,1,ks,2,7,4,2.5,1.5
1401,4,60.0,1,ks,3,1,1,1.0,1.0
1402,4,60.0,1,ks,3,1,2,1.0,1.1
1403,4,60.0,1,ks,3,1,3,1.0,1.2
1404,4,60.0,1,ks,3,1,4,1.0,1.5
1405,4,60.0,1,ks,3,2,1,2.0,1.0
1406,4,60.0,1,ks,3,2,2,2.0,1.1
1407,4,60.0,1,ks,3,2,3,2.0,1.2
1408,4,60.0,1,ks,3,2,4,2.0,1.5
1409,4,60.0,1,ks,3,3,1,1.4,1.0
1410,4,60.0,1,ks,3,3,2,1.4,1.1
1411,4,60.0,1,ks,3,3,3,1.4,1.2
1412,4,60.0,1,ks,3,3,4,1.4,1.5
1413,4,60.0,1,ks,3,4,1,1.2,1.0
1414,4,60.0,1,ks,3,4,2,1.2,1.1
1415,4,60.0,1,ks,3,4,3,1.2,1.2
1416,4,60.0,1,ks,3,4,4,1.2,1.5
1417,4,60.0,1,ks,3,5,1,1.0,1.0
1418,4,60.0,1,ks,3,5,2,1.0,1.1
1419,4,60.0,1,ks,3,5,3,1.0,1.2
1420,4,60.0,1,ks,3,5,4,1.0,1.5
1421,4,60.0,1,ks,3,6,1,1.5,1.0
1422,4,60.0,1,ks,3,6,2,1.5,1.1
1423,4,60.0,1,ks,3,6,3,1.5,1.2
1424,4,60.0,1,ks,3,6,4,1.5,1.5
1425,4,60.0,1,ks,3,7,1,2.5,1.0
1426,4,60.0,1,ks,3,7,2,2.5,1.1
1427,4,60.0,1,ks,3,7,3,2.5,1.2
1428,4,60.0,1,ks,3,7,4,2.5,1.5
1429,4,60.0,1,ks,4,1,1,1.0,1.0
1430,4,60.0,1,ks,4,1,2,1.0,1.1
1431,4,60.0,1,ks,4,1,3,1.0,1.2
1432,4,60.0,1,ks,4,1,4,1.0,1.5
1433,4,60.0,1,ks,4,2,1,2.0,1.0
1434,4,60.0,1,ks,4,2,2,2.0,1.1
1435,4,60.0,1,ks,4,2,3,2.0,1.2
1436,4,60.0,1,ks,4,2,4,2.0,1.5
1437,4,60.0,1,ks,4,3,1,1.4,1.0
1438,4,60.0,1,ks,4,3,2,1.4,1.1
1439,4,60.0,1,ks,4,3,3,1.4,1.2
1440,4,60.0,1,ks,4,3,4,1.4,1.5
1441,4,60.0,1,ks,4,4,1,1.2,1.0
1442,4,60.0,1,ks,4,4,2,1.2,1.1
1443,4,60.0,1,ks,4,4,3,1.2,1.2
1444,4,60.0,1,ks,4,4,4,1.2,1.5
1445,4,60.0,1,ks,4,5,1,1.0,1.0
1446,4,60.0,1,ks,4,5,2,1.0,1.1
1447,4,60.0,1,ks,4,5,3,1.0,1.2
1448,4,60.0,1,ks,4,5,4,1.0,1.5
1449,4,60.0,1,ks,4,6,1,1.5,1.0
1450,4,60.0,1,ks,4,6,2,1.5,1.1
1451,4,60.0,1,ks,4,6,3,1.5,1.2
1452,4,60.0,1,ks,4,6,4,1.5,1.5
1453,4,60.0,1,ks,4,7,1,2.5,1.0
1454,4,60.0,1,ks,4,7,2,2.5,1.1
1455,4,60.0,1,ks,4,7,3,2.5,1.2
1456,4,60.0,1,ks,4,7,4,2.5,1.5
1457,4,60.0,2,ks,1,1,1,1.0,1.0
1458,4,60.0,2,ks,1,1,2,1.0,1.1
1459,4,60.0,2,ks,1,1,3,1.0,1.2
1460,4,60.0,2,ks,1,1,4,1.0,1.5
1461,4,60.0,2,ks,1,2,1,2.0,1.0
1462,4,60.0,2,ks,1,2,2,2.0,1.1
1463,4,60.0,2,ks,1,2,3,2.0,1.2
1464,4,60.0,2,ks,1,2,4,2.0,1.5
1465,4,60.0,2,ks,1,3,1,1.4,1.0
1466,4,60.0,2,ks,1,3,2,1.4,1.1
1467,4,60.0,2,ks,1,3,3,1.4,1.2
1468,4,60.0,2,ks,1,3,4,1.4,1.5
1469,4,60.0,2,ks,1,4,1,1.2,1.0
1470,4,60.0,2,ks,1,4,2,1.2,1.1
1471,4,60.0,2,ks,1,4,3,1.2,1.2
1472,4,60.0,2,ks,1,4,4,1.2,1.5
1473,4,60.0,2,ks,1,5,1,1.0,1.0
1474,4,60.0,2,ks,1,5,2,1.0,1.1
1475,4,60.0,2,ks,1,5,3,1.0,1.2
1476,4,60.0,2,ks,1,5,4,1.0,1.5
1477,4,60.0,2,ks,1,6,1,1.5,1.0
1478,4,60.0,2,ks,1,6,2,1.5,1.1
1479,4,60.0,2,ks,1,6,3,1.5,1.2
1480,4,60.0,2,ks,1,6,4,1.5,1.5
1481,4,60.0,2,ks,1,7,1,2.5,1.0
1482,4,60.0,2,ks,1,7,2,2.5,1.1
1483,4,60.0,2,ks,1,7,3,2.5,1.2
1484,4,60.0,2,ks,1,7,4,2.5,1.5
1485,4,60.0,2,ks,2,1,1,1.0,1.0
1486,4,60.0,2,ks,2,1,2,1.0,1.1
1487,4,60.0,2,ks,2,1,3,1.0,1.2
1488,4,60.0,2,ks,2,1,4,1.0,1.5
1489,4,60.0,2,ks,2,2,1,2.0,1.0
1490,4,60.0,2,ks,2,2,2,2.0,1.1
1491,4,60.0,2,ks,2,2,3,2.0,1.2
1492,4,60.0,2,ks,2,2,4,2.0,1.5
1493,4,60.0,2,ks,2,3,1,1.4,1.0
1494,4,60.0,2,ks,2,3,2,1.4,1.1
1495,4,60.0,2,ks,2,3,3,1.4,1.2
1496,4,60.0,2,ks,2,3,4,1.4,1.5
1497,4,60.0,2,ks,2,4,1,1.2,1.0
1498,4,60.0,2,ks,2,4,2,1.2,1.1
1499,4,60.0,2,ks,2,4,3,1.2,1.2
1500,4,60.0,2,ks,2,4,4,1.2,1.5
1501,4,60.0,2,ks,2,5,1,1.0,1.0
1502,4,60.0,2,ks,2,5,2,1.0,1.1
1503,4,60.0,2,ks,2,5,3,1.0,1.2
1504,4,60.0,2,ks,2,5,4,1.0,1.5
1505,4,60.0,2,ks,2,6,1,1.5,1.0
1506,4,60.0,2,ks,2,6,2,1.5,1.1
1507,4,60.0,2,ks,2,6,3,1.5,1.2
1508,4,60.0,2,ks,2,6,4,1.5,1.5
1509,4,60.0,2,ks,2,7,1,2.5,1.0
1510,4,60.0,2,ks,2,7,2,2.5,1.1
1511,4,60.0,2,ks,2,7,3,2.5,1.2
1512,4,60.0,2,ks,2,7,4,2.5,1.5
1513,4,60.0,2,ks,3,1,1,1.0,1.0
1514,4,60.0,2,ks,3,1,2,1.0,1.1
1515,4,60.0,2,ks,3,1,3,1.0,1.2
1516,4,60.0,2,ks,3,1,4,1.0,1.5
1517,4,60.0,2,ks,3,2,1,2.0,1.0
1518,4,60.0,2,ks,3,2,2,2.0,1.1
1519,4,60.0,2,ks,3,2,3,2.0,1.2
1520,4,60.0,2,ks,3,2,4,2.0,1.5
1521,4,60.0,2,ks,3,3,1,1.4,1.0
1522,4,60.0,2,ks,3,3,2,1.4,1.1
1523,4,60.0,2,ks,3,3,3,1.4,1.2
1524,4,60.0,2,ks,3,3,4,1.4,1.5
1525,4,60.0,2,ks,3,4,1,1.2,1.0
1526,4,60.0,2,ks,3,4,2,1.2,1.1
1527,4,60.0,2,ks,3,4,3,1.2,1.2
1528,4,60.0,2,ks,3,4,4,1.2,1.5
1529,4,60.0,2,ks,3,5,1,1.0,1.0
1530,4,60.0,2,ks,3,5,2,1.0,1.1
1531,4,60.0,2,ks,3,5,3,1.0,1.2
1532,4,60.0,2,ks,3,5,4,1.0,1.5
1533,4,60.0,2,ks,3,6,1,1.5,1.0
1534,4,60.0,2,ks,3,6,2,1.5,1.1
1535,4,60.0,2,ks,3,6,3,1.5,1.2
1536,4,60.0,2,ks,3,6,4,1.5,1.5
1537,4,60.0,2,ks,3,7,1,2.5,1.0
1538,4,60.0,2,ks,3,7,2,2.5,1.1
1539,4,60.0,2,ks,3,7,3,2.5,1.2
1540,4,60.0,2,ks,3,7,4,2.5,1.5
1541,4,60.0,2,ks,4,1,1,1.0,1.0
1542,4,60.0,2,ks,4,1,2,1.0,1.1
1543,4,60.0,2,ks,4,1,3,1.0,1.2
1544,4,60.0,2,ks,4,1,4,1.0,1.5
1545,4,60.0,2,ks,4,2,1,2.0,1.0
1546,4,60.0,2,ks,4,2,2,2.0,1.1
1547,4,60.0,2,ks,4,2,3,2.0,1.2
1548,4,60.0,2,ks,4,2,4,2.0,1.5
1549,4,60.0,2,ks,4,3,1,1.4,1.0
1550,4,60.0,2,ks,4,3,2,1.4,1.1
1551,4,60.0,2,ks,4,3,3,1.4,1.2
1552,4,60.0,2,ks,4,3,4,1.4,1.5
1553,4,60.0,2,ks,4,4,1,1.2,1.0
1554,4,60.0,2,ks,4,4,2,1.2,1.1
1555,4,60.0,2,ks,4,4,3,1.2,1.2
1556,4,60.0,2,ks,4,4,4,1.2,1.5
1557,4,60.0,2,ks,4,5,1,1.0,1.0
1558,4,60.0,2,ks,4,5,2,1.0,1.1
1559,4,60.0,2,ks,4,5,3,1.0,1.2
1560,4,60.0,2,ks,4,5,4,1.0,1.5
1561,4,60.0,2,ks,4,6,1,1.5,1.0
1562,4,60.0,2,ks,4,6,2,1.5,1.1
1563,4,60.0,2,ks,4,6,3,1.5,1.2
1564,4,60.0,2,ks,4,6,4,1.5,1.5
1565,4,60.0,2,ks,4,7,1,2.5,1.0
1566,4,60.0,2,ks,4,7,2,2.5,1.1
1567,4,60.0,2,ks,4,7,3,2.5,1.2
1568,4,60.0,2,ks,4,7,4,2.5,1.5
1569,4,60.0,3,ks,1,1,1,1.0,1.0
1570,4,60.0,3,ks,1,1,2,1.0,1.1
1571,4,60.0,3,ks,1,1,3,1.0,1.2
1572,4,60.0,3,ks,1,1,4,1.0,1.5
1573,4,60.0,3,ks,1,2,1,2.0,1.0
1574,4,60.0,3,ks,1,2,2,2.0,1.1
1575,4,60.0,3,ks,1,2,3,2.0,1.2
1576,4,60.0,3,ks,1,2,4,2.0,1.5
1577,4,60.0,3,ks,1,3,1,1.4,1.0
1578,4,60.0,3,ks,1,3,2,1.4,1.1
1579,4,60.0,3,ks,1,3,3,1.4,1.2
1580,4,60.0,3,ks,1,3,4,1.4,1.5
1581,4,60.0,3,ks,1,4,1,1.2,1.0
1582,4,60.0,3,ks,1,4,2,1.2,1.1
1583,4,60.0,3,ks,1,4,3,1.2,1.2
1584,4,60.0,3,ks,1,4,4,1.2,1.5
1585,4,60.0,3,ks,1,5,1,1.0,1.0
1586,4,60.0,3,ks,1,5,2,1.0,1.1
1587,4,60.0,3,ks,1,5,3,1.0,1.2
1588,4,60.0,3,ks,1,5,4,1.0,1.5
1589,4,60.0,3,ks,1,6,1,1.5,1.0
1590,4,60.0,3,ks,1,6,2,1.5,1.1
1591,4,60.0,3,ks,1,6,3,1.5,1.2
1592,4,60.0,3,ks,1,6,4,1.5,1.5
1593,4,60.0,3,ks,1,7,1,2.5,1.0
1594,4,60.0,3,ks,1,7,2,2.5,1.1
1595,4,60.0,3,ks,1,7,3,2.5,1.2
1596,4,60.0,3,ks,1,7,4,2.5,1.5
1597,4,60.0,3,ks,2,1,1,1.0,1.0
1598,4,60.0,3,ks,2,1,2,1.0,1.1
1599,4,60.0,3,ks,2,1,3,1.0,1.2
1600,4,60.0,3,ks,2,1,4,1.0,1.5
1601,4,60.0,3,ks,2,2,1,2.0,1.0
1602,4,60.0,3,ks,2,2,2,2.0,1.1
1603,4,60.0,3,ks,2,2,3,2.0,1.2
1604,4,60.0,3,ks,2,2,4,2.0,1.5
1605,4,60.0,3,ks,2,3,1,1.4,1.0
1606,4,60.0,3,ks,2,3,2,1.4,1.1
1607,4,60.0,3,ks,2,3,3,1.4,1.2
1608,4,60.0,3,ks,2,3,4,1.4,1.5
1609,4,60.0,3,ks,2,4,1,1.2,1.0
1610,4,60.0,3,ks,2,4,2,1.2,1.1
1611,4,60.0,3,ks,2,4,3,1.2,1.2
1612,4,60.0,3,ks,2,4,4,1.2,1.5
1613,4,60.0,3,ks,2,5,1,1.0,1.0
1614,4,60.0,3,ks,2,5,2,1.0,1.1
1615,4,60.0,3,ks,2,5,3,1.0,1.2
1616,4,60.0,3,ks,2,5,4,1.0,1.5
1617,4,60.0,3,ks,2,6,1,1.5,1.0
1618,4,60.0,3,ks,2,6,2,1.5,1.1
1619,4,60.0,3,ks,2,6,3,1.5,1.2
1620,4,60.0,3,ks,2,6,4,1.5,1.5
1621,4,60.0,3,ks,2,7,1,2.5,1.0
1622,4,60.0,3,ks,2,7,2,2.5,1.1
1623,4,60.0,3,ks,2,7,3,2.5,1.2
1624,4,60.0,3,ks,2,7,4,2.5,1.5
1625,4,60.0,3,ks,3,1,1,1.0,1.0
1626,4,60.0,3,ks,3,1,2,1.0,1.1
1627,4,60.0,3,ks,3,1,3,1.0,1.2
1628,4,60.0,3,ks,3,1,4,1.0,1.5
1629,4,60.0,3,ks,3,2,1,2.0,1.0
1630,4,60.0,3,ks,3,2,2,2.0,1.1
1631,4,60.0,3,ks,3,2,3,2.0,1.2
1632,4,60.0,3,ks,3,2,4,2.0,1.5
1633,4,60.0,3,ks,3,3,1,1.4,1.0
1634,4,60.0,3,ks,3,3,2,1.4,1.1
1635,4,60.0,3,ks,3,3,3,1.4,1.2
1636,4,60.0,3,ks,3,3,4,1.4,1.5
1637,4,60.0,3,ks,3,4,1,1.2,1.0
1638,4,60.0,3,ks,3,4,2,1.2,1.1
1639,4,60.0,3,ks,3,4,3,1.2,1.2
1640,4,60.0,3,ks,3,4,4,1.2,1.5
1641,4,60.0,3,ks,3,5,1,1.0,1.0
1642,4,60.0,3,ks,3,5,2,1.0,1.1
1643,4,60.0,3,ks,3,5,3,1.0,1.2
1644,4,60.0,3,ks,3,5,4,1.0,1.5
1645,4,60.0,3,ks,3,6,1,1.5,1.0
1646,4,60.0,3,ks,3,6,2,1.5,1.1
1647,4,60.0,3,ks,3,6,3,1.5,1.2
1648,4,60.0,3,ks,3,6,4,1.5,1.5
1649,4,60.0,3,ks,3,7,1,2.5,1.0
1650,4,60.0,3,ks,3,7,2,2.5,1.1
1651,4,60.0,3,ks,3,7,3,2.5,1.2
1652,4,60.0,3,ks,3,7,4,2.5,1.5
1653,4,60.0,3,ks,4,1,1,1.0,1.0
1654,4,60.0,3,ks,4,1,2,1.0,1.1
1655,4,60.0,3,ks,4,1,3,1.0,1.2
1656,4,60.0,3,ks,4,1,4,1.0,1.5
1657,4,60.0,3,ks,4,2,1,2.0,1.0
1658,4,60.0,3,ks,4,2,2,2.0,1.1
1659,4,60.0,3,ks,4,2,3,2.0,1.2
1660,4,60.0,3,ks,4,2,4,2.0,1.5
1661,4,60.0,3,ks,4,3,1,1.4,1.0
1662,4,60.0,3,ks,4,3,2,1.4,1.1
1663,4,60.0,3,ks,4,3,3,1.4,1.2
1664,4,60.0,3,ks,4,3,4,1.4,1.5
1665,4,60.0,3,ks,4,4,1,1.2,1.0
1666,4,60.0,3,ks,4,4,2,1.2,1.1
1667,4,60.0,3,ks,4,4,3,1.2,1.2
1668,4,60.0,3,ks,4,4,4,1.2,1.5
1669,4,60.0,3,ks,4,5,1,1.0,1.0
1670,4,60.0,3,ks,4,5,2,1.0,1.1
1671,4,60.0,3,ks,4,5,3,1.0,1.2
1672,4,60.0,3,ks,4,5,4,1.0,1.5
1673,4,60.0,3,ks,4,6,1,1.5,1.0
1674,4,60.0,3,ks,4,6,2,1.5,1.1
1675,4,60.0,3,ks,4,6,3,1.5,1.2
1676,4,60.0,3,ks,4,6,4,1.5,1.5
1677,4,60.0,3,ks,4,7,1,2.5,1.0
1678,4,60.0,3,ks,4,7,2,2.5,1.1
1679,4,60.0,3,ks,4,7,3,2.5,1.2
1680,4,60.0,3,ks,4,7,4,2.5,1.5
1681,4,60.0,4,m,1,1,1,1.0,1.0
1682,4,60.0,4,m,1,1,2,1.0,1.1
1683,4,60.0,4,m,1,1,3,1.0,1.2
1684,4,60.0,4,m,1,1,4,1.0,1.5
1685,4,60.0,4,m,1,2,1,2.0,1.0
1686,4,60.0,4,m,1,2,2,2.0,1.1
1687,4,60.0,4,m,1,2,3,2.0,1.2
1688,4,60.0,4,m,1,2,4,2.0,1.5
1689,4,60.0,4,m,1,3,1,1.4,1.0
1690,4,60.0,4,m,1,3,2,1.4,1.1
1691,4,60.0,4,m,1,3,3,1.4,1.2
1692,4,60.0,4,m,1,3,4,1.4,1.5
1693,4,60.0,4,m,1,4,1,1.2,1.0
1694,4,60.0,4,m,1,4,2,1.2,1.1
1695,4,60.0,4,m,1,4,3,1.2,1.2
1696,4,60.0,4,m,1,4,4,1.2,1.5
1697,4,60.0,4,m,1,5,1,1.0,1.0
1698,4,60.0,4,m,1,5,2,1.0,1.1
1699,4,60.0,4,m,1,5,3,1.0,1.2
1700,4,60.0,4,m,1,5,4,1.0,1.5
1701,4,60.0,4,m,1,6,1,1.5,1.0
1702,4,60.0,4,m,1,6,2,1.5,1.1
1703,4,60.0,4,m,1,6,3,1.5,1.2
1704,4,60.0,4,m,1,6,4,1.5,1.5
1705,4,60.0,4,m,1,7,1,2.5,1.0
1706,4,60.0,4,m,1,7,2,2.5,1.1
1707,4,60.0,4,m,1,7,3,2.5,1.2
1708,4,60.0,4,m,1,7,4,2.5,1.5
1709,4,60.0,4,m,2,1,1,1.0,1.0
1710,4,60.0,4,m,2,1,2,1.0,1.1
1711,4,60.0,4,m,2,1,3,1.0,1.2
1712,4,60.0,4,m,2,1,4,1.0,1.5
1713,4,60.0,4,m,2,2,1,2.0,1.0
1714,4,60.0,4,m,2,2,2,2.0,1.1
1715,4,60.0,4,m,2,2,3,2.0,1.2
1716,4,60.0,4,m,2,2,4,2.0,1.5
1717,4,60.0,4,m,2,3,1,1.4,1.0
1718,4,60.0,4,m,2,3,2,1.4,1.1
1719,4,60.0,4,m,2,3,3,1.4,1.2
1720,4,60.0,4,m,2,3,4,1.4,1.5
1721,4,60.0,4,m,2,4,1,1.2,1.0
1722,4,60.0,4,m,2,4,2,1.2,1.1
1723,4,60.0,4,m,2,4,3,1.2,1.2
1724,4,60.0,4,m,2,4,4,1.2,1.5
1725,4,60.0,4,m,2,5,1,1.0,1.0
1726,4,60.0,4,m,2,5,2,1.0,1.1
1727,4,60.0,4,m,2,5,3,1.0,1.2
1728,4,60.0,4,m,2,5,4,1.0,1.5
1729,4,60.0,4,m,2,6,1,1.5,1.0
1730,4,60.0,4,m,2,6,2,1.5,1.1
1731,4,60.0,4,m,2,6,3,1.5,1.2
1732,4,60.0,4,m,2,6,4,1.5,1.5
1733,4,60.0,4,m,2,7,1,2.5,1.0
1734,4,60.0,4,m,2,7,2,2.5,1.1
1735,4,60.0,4,m,2,7,3,2.5,1.2
1736,4,60.0,4,m,2,7,4,2.5,1.5
1737,4,60.0,4,m,3,1,1,1.0,1.0
1738,4,60.0,4,m,3,1,2,1.0,1.1
1739,4,60.0,4,m,3,1,3,1.0,1.2
1740,4,60.0,4,m,3,1,4,1.0,1.5
1741,4,60.0,4,m,3,2,1,2.0,1.0
1742,4,60.0,4,m,3,2,2,2.0,1.1
1743,4,60.0,4,m,3,2,3,2.0,1.2
1744,4,60.0,4,m,3,2,4,2.0,1.5
1745,4,60.0,4,m,3,3,1,1.4,1.0
1746,4,60.0,4,m,3,3,2,1.4,1.1
1747,4,60.0,4,m,3,3,3,1.4,1.2
1748,4,60.0,4,m,3,3,4,1.4,1.5
1749,4,60.0,4,m,3,4,1,1.2,1.0
1750,4,60.0,4,m,3,4,2,1.2,1.1
1751,4,60.0,4,m,3,4,3,1.2,1.2
1752,4,60.0,4,m,3,4,4,1.2,1.5
1753,4,60.0,4,m,3,5,1,1.0,1.0
1754,4,60.0,4,m,3,5,2,1.0,1.1
1755,4,60.0,4,m,3,5,3,1.0,1.2
1756,4,60.0,4,m,3,5,4,1.0,1.5
1757,4,60.0,4,m,3,6,1,1.5,1.0
1758,4,60.0,4,m,3,6,2,1.5,1.1
1759,4,60.0,4,m,3,6,3,1.5,1.2
1760,4,60.0,4,m,3,6,4,1.5,1.5
1761,4,60.0,4,m,3,7,1,2.5,1.0
1762,4,60.0,4,m,3,7,2,2.5,1.1
1763,4,60.0,4,m,3,7,3,2.5,1.2
1764,4,60.0,4,m,3,7,4,2.5,1.5
1765,4,60.0,4,m,4,1,1,1.0,1.0
1766,4,60.0,4,m,4,1,2,1.0,1.1
1767,4,60.0,4,m,4,1,3,1.0,1.2
1768,4,60.0,4,m,4,1,4,1.0,1.5
1769,4,60.0,4,m,4,2,1,2.0,1.0
1770,4,60.0,4,m,4,2,2,2.0,1.1
1771,4,60.0,4,m,4,2,3,2.0,1.2
1772,4,60.0,4,m,4,2,4,2.0,1.5
1773,4,60.0,4,m,4,3,1,1.4,1.0
1774,4,60.0,4,m,4,3,2,1.4,1.1
1775,4,60.0,4,m,4,3,3,1.4,1.2
1776,4,60.0,4,m,4,3,4,1.4,1.5
1777,4,60.0,4,m,4,4,1,1.2,1.0
1778,4,60.0,4,m,4,4,2,1.2,1.1
1779,4,60.0,4,m,4,4,3,1.2,1.2
1780,4,60.0,4,m,4,4,4,1.2,1.5
1781,4,60.0,4,m,4,5,1,1.0,1.0
1782,4,60.0,4,m,4,5,2,1.0,1.1
1783,4,60.0,4,m,4,5,3,1.0,1.2
1784,4,60.0,4,m,4,5,4,1.0,1.5
1785,4,60.0,4,m,4,6,1,1.5,1.0
1786,4,60.0,4,m,4,6,2,1.5,1.1
1787,4,60.0,4,m,4,6,3,1.5,1.2
1788,4,60.0,4,m,4,6,4,1.5,1.5
1789,4,60.0,4,m,4,7,1,2.5,1.0
1790,4,60.0,4,m,4,7,2,2.5,1.1
1791,4,60.0,4,m,4,7,3,2.5,1.2
1792,4,60.0,4,m,4,7,4,2.5,1.5
